phase,Frame#,Time,pelvis.X,pelvis.Y,pelvis.Z,spine_01.X,spine_01.Y,spine_01.Z,spine_02.X,spine_02.Y,spine_02.Z,spine_03.X,spine_03.Y,spine_03.Z,spine_04.X,spine_04.Y,spine_04.Z,spine_05.X,spine_05.Y,spine_05.Z,neck_01.X,neck_01.Y,neck_01.Z,neck_02.X,neck_02.Y,neck_02.Z,head.X,head.Y,head.Z,clavicle_l.X,clavicle_l.Y,clavicle_l.Z,upperarm_l.X,upperarm_l.Y,upperarm_l.Z,lowerarm_l.X,lowerarm_l.Y,lowerarm_l.Z,hand_l.X,hand_l.Y,hand_l.Z,clavicle_r.X,clavicle_r.Y,clavicle_r.Z,upperarm_r.X,upperarm_r.Y,upperarm_r.Z,lowerarm_r.X,lowerarm_r.Y,lowerarm_r.Z,hand_r.X,hand_r.Y,hand_r.Z,thigh_l.X,thigh_l.Y,thigh_l.Z,calf_l.X,calf_l.Y,calf_l.Z,foot_l.X,foot_l.Y,foot_l.Z,ball_l.X,ball_l.Y,ball_l.Z,thigh_r.X,thigh_r.Y,thigh_r.Z,calf_r.X,calf_r.Y,calf_r.Z,foot_r.X,foot_r.Y,foot_r.Z,ball_r.X,ball_r.Y,ball_r.Z,Unnamed: 77
0.0,450,15.0,-0.4532222747802734,0.3800566792488098,0.19749715924263,-0.4908130168914795,0.3752600848674774,0.2175559401512146,-0.555157482624054,0.368105798959732,0.2525328397750854,-0.6165622472763062,0.3659616112709045,0.2885002195835113,-0.6687485575675964,0.3899688720703125,0.3342605531215668,-0.8383177518844604,0.3831779658794403,0.4013954401016235,-0.9255964756011964,0.4263359606266022,0.4631081223487854,-0.965566873550415,0.4461157321929931,0.4910092949867248,-0.9958487153053284,0.4765191972255707,0.5202600359916687,-0.8808172345161438,0.3849496841430664,0.4336192011833191,-0.7999736070632935,0.3780787885189056,0.5930598974227905,-0.572628378868103,0.2430112659931183,0.688741147518158,-0.4967434108257293,0.2602466642856598,0.4265671670436859,-0.8870046138763428,0.3939098119735718,0.423064112663269,-1.014404535293579,0.392067551612854,0.301075130701065,-0.9952714443206788,0.3104189336299896,0.0396653600037097,-0.971930205821991,0.5830041170120239,0.0353647544980049,-0.4157878160476684,0.3681761026382446,0.2911294102668762,-0.0136049538850784,0.4612828493118286,0.1885642558336258,0.3940921127796173,0.5499590635299683,0.1393985450267791,0.4767382144927978,0.6933676600456238,0.0990310609340667,-0.4662729501724243,0.4206805229187011,0.1069691404700279,-0.0452014543116092,0.4704499840736389,0.0558160468935966,0.3692362308502197,0.5370715260505676,0.0561701022088527,0.4623696208000183,0.6823199987411499,0.0647076517343521,
0.027199936394716823,451,15.033333333333331,-0.4528548717498779,0.3807295560836792,0.1972132623195648,-0.4906260669231415,0.3758576512336731,0.2173501253128051,-0.5551711320877075,0.3686031401157379,0.2524057328701019,-0.6167200803756714,0.3663840889930725,0.2883157134056091,-0.66816645860672,0.3909014761447906,0.3346641063690185,-0.8377678990364075,0.3859246969223022,0.4013006687164306,-0.925451636314392,0.428692877292633,0.4630856812000274,-0.9659867882728576,0.4477908313274383,0.490670770406723,-0.996327817440033,0.4781515002250671,0.5199671387672424,-0.8814308047294617,0.3861043453216553,0.4325479567050934,-0.8005968928337097,0.3793562054634094,0.5923508405685425,-0.5730298161506653,0.2451590001583099,0.6895007491111755,-0.4972849488258362,0.2611992061138153,0.4269348680973053,-0.8871613144874573,0.3956399261951446,0.4225678145885467,-1.0144397020339966,0.3925749957561493,0.300275444984436,-0.995865285396576,0.3101058602333069,0.0388508848845958,-0.9716305732727052,0.5830475091934204,0.0361518412828445,-0.4154271185398102,0.3697357773780823,0.2910087406635284,-0.0131099605932831,0.4638791978359222,0.1899153590202331,0.3949952125549316,0.550263524055481,0.1394144594669342,0.477898895740509,0.6936701536178589,0.0993740931153297,-0.4664106667041778,0.4210770726203918,0.1064436435699462,-0.0451225824654102,0.4709870219230652,0.0559920109808445,0.3696147799491882,0.5371562838554382,0.0562852881848812,0.4632463455200195,0.6820352077484131,0.0653125122189521,
0.054399872789433645,452,15.066666666666666,-0.4519560635089874,0.3818360865116119,0.1968634724617004,-0.4899160265922546,0.3767704367637634,0.2170325517654419,-0.5546526908874512,0.3692220747470855,0.2520752251148224,-0.6163432002067566,0.3669987618923187,0.2878540456295013,-0.6671323180198669,0.3921190202236175,0.3346470296382904,-0.836665689945221,0.3893008828163147,0.4013887345790863,-0.9251428246498108,0.4307267665863037,0.4630302786827087,-0.9661604762077332,0.4493132531642914,0.4903364479541778,-0.9967280626296996,0.4794745743274688,0.5196816325187683,-0.8816574811935425,0.3876745104789734,0.4309466481208801,-0.8014122843742371,0.3803203701972961,0.5913463234901428,-0.5736267566680908,0.2468750029802322,0.6899856328964233,-0.4977409839630127,0.262018471956253,0.4269993603229522,-0.8869046568870544,0.3982540667057037,0.4216518998146057,-1.0146299600601196,0.3929283320903778,0.2998615503311157,-0.9953395128250122,0.3103195428848266,0.0383660718798637,-0.9710999131202698,0.5836923122406006,0.0369816869497299,-0.4149174392223358,0.3713034987449646,0.2909919619560241,-0.0124700032174587,0.4658266305923462,0.1902002543210983,0.3961917459964752,0.5505839586257935,0.1395472884178161,0.4793881177902221,0.6939265727996826,0.0995995625853538,-0.4658135175704956,0.4222675561904907,0.1060285121202468,-0.0444598123431205,0.4731426239013672,0.0569546855986118,0.3707455396652221,0.5369817018508911,0.0560704581439495,0.4644172787666321,0.6818410158157349,0.0655865892767906,
0.08159980918415047,453,15.1,-0.4518600106239319,0.3822234869003296,0.1970879286527633,-0.4899274408817291,0.3770152926445007,0.2170921564102172,-0.5548818707466125,0.3692502975463867,0.2518751323223114,-0.6167452335357666,0.3672549426555633,0.2874569892883301,-0.6687342524528503,0.390911340713501,0.3331086337566376,-0.8377857208251953,0.389163076877594,0.4001406133174896,-0.926742136478424,0.4301896691322326,0.4615554809570312,-0.966897428035736,0.4501227438449859,0.4890278279781341,-0.9977476596832277,0.4801171720027923,0.5182327032089233,-0.8814207911491394,0.3905085027217865,0.4307175576686859,-0.8023079037666321,0.3816187977790832,0.5913126468658447,-0.5744014382362366,0.248329758644104,0.6897171139717102,-0.4978400766849518,0.2641701698303222,0.4268708825111389,-0.8869590759277344,0.4006389677524566,0.4214808642864227,-1.0140442848205566,0.3936790525913238,0.2987845838069916,-0.996588408946991,0.3084810674190521,0.0378534570336341,-0.9719128608703612,0.5820545554161072,0.0361828207969665,-0.4149890542030334,0.3703628480434418,0.2910202741622925,-0.0122932177037,0.4636517465114593,0.1896992921829223,0.3962738811969757,0.5490716695785522,0.1390055269002914,0.4798071384429931,0.6918291449546814,0.098456785082817,-0.4655831456184387,0.4226791858673095,0.1061075776815414,-0.0440613776445388,0.4726286232471466,0.0573686510324478,0.371151864528656,0.536316990852356,0.0559358224272728,0.4664247035980224,0.6796519160270691,0.0646333992481231,
0.10879974557886729,454,15.133333333333333,-0.4512709081172943,0.3827714920043945,0.1966572999954223,-0.489337682723999,0.3779388666152954,0.216840386390686,-0.5542227625846863,0.3708083927631378,0.2518925070762634,-0.6158273220062256,0.3692482411861419,0.2878185212612152,-0.6684021353721619,0.392325222492218,0.3331424593925476,-0.837430477142334,0.3918464183807373,0.4002659022808075,-0.9270193576812744,0.4322553277015686,0.4613268375396728,-0.967910885810852,0.4511425495147705,0.4883627891540527,-0.9990717768669128,0.4809611439704895,0.5174519419670105,-0.8821501135826111,0.3917091488838196,0.4298720359802246,-0.802707314491272,0.3838173747062683,0.5906258821487427,-0.5744597315788269,0.2518056333065033,0.6904481053352356,-0.4984337389469147,0.265347808599472,0.4272333085536957,-0.8874096870422363,0.4016215205192566,0.4209194779396057,-1.0144511461257937,0.3938910365104675,0.2981650531291961,-0.9968434572219848,0.3079647719860077,0.0374729111790657,-0.9715917706489564,0.5818876028060913,0.037223931401968,-0.4142512083053589,0.3707495927810669,0.2905744612216949,-0.0114525286480784,0.4647855758666992,0.1896256059408188,0.3974305987358093,0.5496541261672974,0.1391517519950866,0.4816619753837585,0.6920629739761353,0.0987341105937957,-0.4650146663188934,0.4230091869831085,0.1054550111293792,-0.0432966910302639,0.4740103781223297,0.0583058148622512,0.37208291888237,0.5370726585388184,0.0563166700303554,0.4685246050357818,0.6793208122253418,0.064488373696804,
0.1359996819735841,455,15.166666666666666,-0.4493445754051208,0.385949045419693,0.1972040981054306,-0.4876445829868316,0.3807537257671356,0.2173062860965728,-0.5527997016906738,0.3730676770210266,0.2521812319755554,-0.6144164800643921,0.3717820048332214,0.2881270051002502,-0.6676175594329834,0.3938156366348266,0.333046406507492,-0.8365331888198853,0.3952372372150421,0.4002779126167297,-0.9262388944625854,0.4357333481311798,0.4615284502506256,-0.9675555229187012,0.4543269574642181,0.4883281588554382,-0.999525249004364,0.4833857715129852,0.517244279384613,-0.8820956945419312,0.3937123119831085,0.4290060102939605,-0.8029038906097412,0.3873920440673828,0.5903204679489136,-0.5743178725242615,0.2561049163341522,0.6914173364639282,-0.4985083937644958,0.2676358520984649,0.4276559352874756,-0.8874620795249939,0.4036832451820373,0.419807493686676,-1.0146121978759766,0.3945740461349487,0.2968384921550751,-0.9977978467941284,0.3072355091571808,0.0361179895699024,-0.9717490673065186,0.5815643072128296,0.0370835848152637,-0.4133204221725464,0.3724518716335296,0.2913970947265625,-0.0102865565568208,0.4640700221061706,0.1886806488037109,0.39886474609375,0.5495855212211609,0.1391492784023285,0.4837912917137146,0.691421389579773,0.09821417927742,-0.4645891487598419,0.4239457547664642,0.1052811443805694,-0.0425829999148845,0.4748329818248749,0.0588461235165596,0.3733073770999908,0.5357350707054138,0.0556148253381252,0.4702377915382385,0.6776723861694336,0.0638485476374626,
0.16319961836830094,456,15.2,-0.4492993950843811,0.3869225680828094,0.1976443827152252,-0.4876020848751068,0.3818718492984772,0.2178064435720443,-0.5528258085250854,0.3744448125362396,0.2527792751789093,-0.614723801612854,0.3733898997306824,0.2883245050907135,-0.668944239616394,0.3938928246498108,0.3322072327136993,-0.8377110958099365,0.3946891129016876,0.3987668454647064,-0.927846372127533,0.4354026913642883,0.4597869217395782,-0.968788206577301,0.4549013674259186,0.4866008758544922,-1.0014591217041016,0.483304500579834,0.5151804089546204,-0.8822471499443054,0.3965255320072174,0.4278877675533294,-0.8044505715370178,0.3876105546951294,0.5895432829856873,-0.5754799842834473,0.2576377689838409,0.6910281777381897,-0.4990379512310028,0.2693611085414886,0.4275777041912079,-0.8876975774765015,0.4052950739860534,0.4193056523799896,-1.0137271881103516,0.3964150547981262,0.2953267693519592,-0.9986385703086852,0.3057848513126373,0.0358510017395019,-0.9728928804397584,0.579931914806366,0.0359098613262176,-0.4129963219165802,0.3709335327148437,0.290980190038681,-0.0098180137574672,0.4635274112224579,0.1889407783746719,0.3991149961948395,0.5493402481079102,0.1391659677028656,0.4848232269287109,0.6891933679580688,0.0957686081528663,-0.4640979766845703,0.4239861369132995,0.1052931249141693,-0.0420587994158268,0.4754213094711303,0.0601962953805923,0.3735173046588897,0.5367239713668823,0.0567930676043033,0.4726545810699463,0.676102340221405,0.0628556385636329,
0.19039955476301776,457,15.233333333333333,-0.4483458995819092,0.3907875716686249,0.1988204419612884,-0.4865186214447021,0.3856473565101623,0.2190310209989547,-0.5516290664672852,0.3780463933944702,0.2541110813617706,-0.6136913299560547,0.3765425980091095,0.2893804013729095,-0.6689440608024597,0.3950778841972351,0.3325423896312713,-0.8379068374633789,0.3976269662380218,0.3983872532844543,-0.9283708333969116,0.4376930296421051,0.4592970609664917,-0.969947874546051,0.4565350413322449,0.4855757653713226,-1.0032306909561155,0.4844206869602203,0.5139201283454895,-0.8833139538764954,0.3980843126773834,0.4268988370895386,-0.8055785894393921,0.3898504078388214,0.5886902809143066,-0.5760052800178528,0.2620359361171722,0.6914306282997131,-0.4991069734096527,0.2718830108642578,0.4280629456043243,-0.8886579871177673,0.4068534970283508,0.4184410274028778,-1.014032006263733,0.3963519930839538,0.2936762273311615,-0.9995984435081482,0.3045898079872131,0.0344780758023262,-0.9734350442886353,0.578957736492157,0.0355774722993373,-0.4121719896793365,0.3726393580436706,0.2916291058063507,-0.0089323548600077,0.4636704623699188,0.1884551346302032,0.4000303745269775,0.5498771667480469,0.1395048946142196,0.4867819845676422,0.6890156865119934,0.0961250737309455,-0.4625669121742248,0.4275793731212616,0.1063072457909584,-0.0406160987913608,0.4778231978416443,0.0616569779813289,0.3749544024467468,0.5378949046134949,0.0576958581805229,0.4746224582195282,0.6766564846038818,0.0635487586259841,
0.21759949115773458,458,15.266666666666667,-0.448304682970047,0.3926288783550262,0.1991016417741775,-0.4862812459468841,0.387979507446289,0.2195048183202743,-0.551146388053894,0.38118577003479,0.2549242675304413,-0.613348126411438,0.3796966969966888,0.2900264859199524,-0.6688355207443237,0.3986529111862182,0.3331339359283447,-0.8380512595176697,0.4000804424285888,0.3982041180133819,-0.9280956983566284,0.4409333765506744,0.4590204954147339,-0.9699201583862304,0.4595745205879211,0.4850744009017944,-1.0034890174865725,0.487194299697876,0.5131493806838989,-0.8842717409133911,0.3996670842170715,0.4258762001991272,-0.8065595626831055,0.3922674357891083,0.5877721905708313,-0.5765461325645447,0.2680793404579162,0.6924881339073181,-0.4997042119503021,0.2744249701499939,0.4295662343502044,-0.8894431591033936,0.4093012809753418,0.4174016714096069,-1.014127254486084,0.3965760767459869,0.2923820614814758,-0.9994576573371888,0.3050128519535064,0.0336102694272995,-0.973876178264618,0.5789525508880615,0.0353995263576507,-0.4112946987152099,0.3750172853469848,0.2914959192276001,-0.0080836052075028,0.4636906087398529,0.188364639878273,0.4002924859523773,0.5498048067092896,0.1398552656173706,0.4882369041442871,0.6876096725463867,0.0960185229778289,-0.4613692462444305,0.4291146099567413,0.1065441071987152,-0.0397312492132186,0.478686511516571,0.0624166913330554,0.3751280307769775,0.5394362807273865,0.0587858892977237,0.4766622185707092,0.6758644580841064,0.0631206184625625,
0.2447994275524514,459,15.3,-0.4487276077270508,0.3931646645069122,0.1991861164569854,-0.4868161976337433,0.3885606527328491,0.2194942086935043,-0.5518736839294434,0.3818978667259216,0.2547879219055176,-0.613884687423706,0.3814902305603027,0.2901570498943329,-0.6703004240989685,0.3982991874217987,0.3320563435554504,-0.8392152786254883,0.4002726078033447,0.3970988988876343,-0.9297967553138732,0.4413464665412903,0.457522302865982,-0.970995545387268,0.4612278640270233,0.48372682929039,-1.005515694618225,0.4880018234252929,0.5114012956619263,-0.8848862648010254,0.4029995799064636,0.4248178005218506,-0.8083418607711792,0.3939367532730102,0.5873207449913025,-0.5775161385536194,0.2712525427341461,0.6927998065948486,-0.500381350517273,0.2771745920181274,0.4295578300952911,-0.8896018266677856,0.412200927734375,0.4168786704540252,-1.0139106512069702,0.3976609110832214,0.2914835810661316,-0.9999388456344604,0.3034515976905823,0.0333932787179946,-0.9742668271064758,0.5777720212936401,0.0349120795726776,-0.4116950035095215,0.3741756081581116,0.2913317680358886,-0.0075614703819155,0.461254209280014,0.187556117773056,0.4009173512458801,0.5500887632369995,0.140254870057106,0.4894108474254608,0.6873149871826172,0.0955775678157806,-0.4621103405952453,0.4290887415409088,0.1062370538711547,-0.0395661108195781,0.4763432741165161,0.0619408711791038,0.3753114342689514,0.5404649972915649,0.0597564205527305,0.478699654340744,0.6752848029136658,0.062602087855339,
0.2719993639471682,460,15.333333333333334,-0.4489775002002716,0.39486163854599,0.1993528455495834,-0.4870157241821289,0.3904436528682709,0.2197289764881134,-0.5520399808883667,0.3840457797050476,0.2551133334636688,-0.6143592596054077,0.3829111456871032,0.2898353338241577,-0.6711356043815613,0.3991202414035797,0.331642597913742,-0.8397893905639648,0.4033423066139221,0.3968320786952972,-0.929963231086731,0.444740742444992,0.4572028815746307,-0.9715198278427124,0.4641016721725464,0.4830950498580932,-1.0057817697525024,0.4912814199924469,0.5106126070022583,-0.8858704566955566,0.4050730168819427,0.4246821999549866,-0.8090474605560303,0.3979550302028656,0.5870984792709351,-0.577984631061554,0.2774019837379455,0.6939659714698792,-0.5006583333015442,0.280925989151001,0.4309651255607605,-0.8909258842468262,0.4135315418243408,0.4161794781684875,-1.0144776105880735,0.3974451422691345,0.2901740074157715,-0.999958038330078,0.3037398159503937,0.0320913381874561,-0.9749618768692015,0.5779702067375183,0.0341164171695709,-0.4113655090332031,0.3750950694084167,0.2909684181213379,-0.0071466644294559,0.4609994292259216,0.1872625648975372,0.4012027382850647,0.5495795011520386,0.1403834968805313,0.4906729161739349,0.6859958171844482,0.0955798551440239,-0.4614421725273132,0.4302556812763214,0.106192946434021,-0.0389062538743019,0.4761449098587036,0.0618498250842094,0.3757544755935669,0.5406224727630615,0.0603809393942356,0.4799247980117798,0.6747471690177917,0.0630530714988708,
0.299199300341885,461,15.366666666666667,-0.4483788609504699,0.3970815241336822,0.1995919644832611,-0.4862763881683349,0.3929705619812011,0.2201312333345413,-0.5510904788970947,0.3870605528354645,0.2557841539382934,-0.6134591698646545,0.3858120441436767,0.2903537154197693,-0.6713283061981201,0.4003483057022095,0.3311128616333008,-0.8398805260658264,0.4065189957618713,0.3964304327964782,-0.9298914074897766,0.4479860663414001,0.4565368890762329,-0.971939206123352,0.4666712880134582,0.4819669723510742,-1.0064135789871216,0.4938395023345947,0.5091629028320312,-0.8866287469863892,0.4069023132324219,0.4237276315689087,-0.8099251985549927,0.4010769426822662,0.5863051414489746,-0.5790995955467224,0.2820804417133331,0.6950178146362305,-0.5013857483863831,0.2831510305404663,0.4323430955410003,-0.8916299343109131,0.4147968292236328,0.4152991473674774,-1.0146669149398804,0.3979370892047882,0.2892540097236633,-0.999405801296234,0.3048478960990906,0.0314394198358058,-0.9748881459236144,0.5790261626243591,0.0343711674213409,-0.4103634357452392,0.3778674900531769,0.2910625636577606,-0.0062437928281724,0.4639320373535156,0.1884780079126358,0.4021193385124206,0.5498356819152832,0.1408208906650543,0.4921290874481201,0.6858537793159485,0.0962510854005813,-0.460217535495758,0.4327192306518554,0.1065475493669509,-0.0379675142467021,0.4788058400154114,0.0628764331340789,0.3766756057739258,0.5407975912094116,0.0607193410396575,0.4812949597835541,0.6744383573532104,0.0632864087820053,
0.32639923673660187,462,15.4,-0.4486094117164612,0.399297684431076,0.2004952430725097,-0.4864636957645416,0.3955278396606445,0.2211271673440933,-0.5512676239013672,0.3901626467704773,0.2569547891616821,-0.6137978434562683,0.388707548379898,0.2911847233772278,-0.6723039150238037,0.4017013311386108,0.3310060501098633,-0.8411820530891418,0.4069086909294128,0.3955850005149841,-0.9311310648918152,0.449968159198761,0.4557366669178009,-0.9723525047302246,0.4703620672225952,0.4813803732395172,-1.007098913192749,0.4978795945644378,0.5083861947059631,-0.8873934745788574,0.4103451073169708,0.4229799211025238,-0.8114418387413025,0.4041702151298523,0.5862191915512085,-0.579418420791626,0.2878711521625519,0.6966031789779663,-0.5021344423294067,0.2860778272151947,0.4330560863018036,-0.8918668031692505,0.4181840419769287,0.4150479435920715,-1.014369010925293,0.3990271091461181,0.2883189022541046,-1.0002708435058594,0.3030366599559784,0.0307648666203022,-0.9755141735076904,0.5778542757034302,0.0332522802054882,-0.4112740159034729,0.3791649937629699,0.2922964096069336,-0.0064457096159458,0.4620024263858795,0.1871024966239929,0.4028672277927398,0.5483701229095459,0.1403155624866485,0.4930089712142944,0.6842541098594666,0.0948086082935333,-0.4613507688045501,0.4337981939315796,0.1068260893225669,-0.0381980128586292,0.478044331073761,0.0628269016742706,0.3772891759872436,0.5406205058097839,0.0609342381358146,0.4830988347530365,0.6735225915908813,0.0626073256134986,
0.3535991731313187,463,15.433333333333334,-0.4489834904670715,0.3997679948806762,0.1999623328447342,-0.4867374897003174,0.3965124487876892,0.2208965867757797,-0.5514335632324219,0.3918969631195068,0.2571534216403961,-0.6143779158592224,0.3893021941184997,0.2905661165714264,-0.6729183793067932,0.4026215076446533,0.3305535018444061,-0.8416037559509277,0.4098849892616272,0.3952432572841644,-0.9314806461334229,0.4530642330646515,0.4549949169158935,-0.973135232925415,0.4724735915660858,0.4804918169975281,-1.0080231428146362,0.5000354647636414,0.5071890354156494,-0.8883016705513,0.4123097658157348,0.4228183329105377,-0.8121198415756226,0.407608151435852,0.585984468460083,-0.580247700214386,0.292443186044693,0.6978030204772949,-0.5025153160095215,0.2889749705791473,0.4344291388988495,-0.8927571773529053,0.4192201793193817,0.4147509932518005,-1.014236330986023,0.3997365236282348,0.287200927734375,-1.0001472234725952,0.3032110631465912,0.029855715110898,-0.9762368202209472,0.5780622363090515,0.032711312174797,-0.4117259681224823,0.3804264068603515,0.2920061647891998,-0.0066940803080797,0.4609354734420776,0.1856790482997894,0.4028655290603637,0.5470482110977173,0.1398981362581253,0.4937022626399994,0.6828203201293945,0.0949006676673889,-0.4609718024730682,0.4368686974048614,0.107670210301876,-0.0378546416759491,0.4780624806880951,0.0625986456871032,0.3775694370269775,0.540683388710022,0.0609479248523712,0.4838790893554687,0.6731292009353638,0.0624693967401981,
0.3807991095260355,464,15.466666666666669,-0.4490945339202881,0.401615560054779,0.2001310586929321,-0.486660897731781,0.3986525535583496,0.2212972044944763,-0.5511232614517212,0.3944573402404785,0.2579175531864166,-0.6142950057983398,0.3912299573421478,0.2908655703067779,-0.6736681461334229,0.4031946659088135,0.3300580084323883,-0.8417657613754272,0.4135013818740845,0.3951115608215332,-0.9319104552268982,0.4562262594699859,0.4543197751045227,-0.973982572555542,0.4749378561973572,0.4795408844947815,-1.0092583894729614,0.5020401477813721,0.5059814453125,-0.88898104429245,0.4149326682090759,0.4227809607982635,-0.8129866719245911,0.4115659892559051,0.5860916972160339,-0.5808296799659729,0.299284428358078,0.6994984745979309,-0.502723217010498,0.2924363017082214,0.4367115199565887,-0.8932645320892334,0.4219948649406433,0.4146544933319092,-1.0135983228683472,0.4007319509983063,0.2865282893180847,-0.9996405839920044,0.3042544722557068,0.0294834915548563,-0.9764540791511536,0.5788144469261169,0.0325185246765613,-0.4112799763679504,0.3826054334640503,0.2919237911701202,-0.0062557309865951,0.4615621566772461,0.1852568238973617,0.4030385613441467,0.5474365949630737,0.1397755742073059,0.4947424232959747,0.6822807788848877,0.0945748463273048,-0.4603357911109924,0.4388449192047119,0.107938252389431,-0.037438079714775,0.4797379970550537,0.0632945820689201,0.3778126537799835,0.5409578084945679,0.0609980821609497,0.4844469726085663,0.6730348467826843,0.0627340823411941,
0.4079990459207523,465,15.5,-0.4490690529346466,0.4041529893875122,0.2014697045087814,-0.486860990524292,0.4007942080497741,0.2224335968494415,-0.5516451001167297,0.3959705531597137,0.2587085366249084,-0.614830732345581,0.3931006789207458,0.2916473150253296,-0.674468994140625,0.4039042890071869,0.3303910195827484,-0.8430243134498596,0.4131714701652527,0.3946251273155212,-0.9334969520568848,0.4568154215812683,0.4536873400211334,-0.9748222827911376,0.4771315157413482,0.4791462123394012,-1.010278582572937,0.5045744776725769,0.5055432319641113,-0.8898599743843079,0.4170978367328644,0.4219961166381836,-0.8144091367721558,0.4145882725715637,0.5860639810562134,-0.5813407897949219,0.3042700588703155,0.7014841437339783,-0.5026559829711914,0.2957704067230224,0.4378655254840851,-0.8929719924926758,0.4256965219974518,0.4145514369010925,-1.013225555419922,0.4013636112213135,0.2862623929977417,-1.0000969171524048,0.3026457726955414,0.0290154963731765,-0.9765477180480956,0.5781051516532898,0.0317268781363964,-0.4118282794952392,0.3844769597053528,0.2937041223049164,-0.0060921674594283,0.4617505967617035,0.1843464076519012,0.4042911231517792,0.5486277937889099,0.1395829319953918,0.4963013529777527,0.6834228038787842,0.0937973111867904,-0.4616265892982483,0.4395069181919098,0.1083868518471717,-0.0376490168273448,0.479707807302475,0.0632104203104972,0.3786726295948028,0.5417715907096863,0.0613408759236335,0.4864124655723572,0.6732684969902039,0.0621343106031417,
0.43519898231546916,466,15.533333333333331,-0.4486477077007293,0.4070366322994232,0.2025110125541687,-0.4866427779197693,0.4034684896469116,0.2234210669994354,-0.5517652630805969,0.3982462286949157,0.2595402002334595,-0.6153727769851685,0.3943632841110229,0.2917386591434479,-0.6751592755317688,0.4051902890205383,0.3304399251937866,-0.8433669209480286,0.4168336689472198,0.3948012888431549,-0.9339717030525208,0.4603341221809387,0.453423798084259,-0.9756298065185548,0.4800196886062622,0.4787439107894897,-1.0111645460128784,0.5074536800384521,0.504949152469635,-0.8907068967819214,0.4190839529037475,0.4223015010356903,-0.8153104782104492,0.4190568029880523,0.5866044759750366,-0.5817631483078003,0.3113898932933807,0.7036929130554199,-0.5020642876625061,0.3006215393543243,0.4404530227184295,-0.8939131498336792,0.42784583568573,0.4144746959209442,-1.012940764427185,0.4021924138069153,0.2853855490684509,-0.9998115301132202,0.3030118644237518,0.0283036846667528,-0.9767603874206544,0.5786269307136536,0.0315510928630828,-0.4116538763046264,0.3884190022945404,0.2950827777385711,-0.0059115714393556,0.463602066040039,0.1845567971467971,0.4047183394432068,0.5487334728240967,0.1389532685279846,0.4970378875732422,0.6835356950759888,0.0936759710311889,-0.4611998796463012,0.4433768987655639,0.1098202392458915,-0.0374081060290336,0.4819641411304474,0.0643174648284912,0.3790296912193298,0.5415067076683044,0.0606740601360797,0.486810028553009,0.672897219657898,0.0616103857755661,
0.462398918710186,467,15.566666666666666,-0.4492654800415039,0.4082021117210388,0.2030041366815567,-0.4871829450130462,0.4048329293727875,0.2240014523267746,-0.5522153973579407,0.3999032080173492,0.2602423429489136,-0.6159631013870239,0.395591139793396,0.292097270488739,-0.6759384274482727,0.4066112339496612,0.3306417167186737,-0.8438646197319031,0.419806957244873,0.3949965834617615,-0.9346187114715576,0.4629116356372833,0.4531210958957672,-0.976679027080536,0.4817264676094055,0.4782274961471557,-1.0126230716705322,0.5086622834205627,0.504086434841156,-0.8916015028953552,0.4208915829658508,0.4224157035350799,-0.816571831703186,0.4215227365493774,0.586870014667511,-0.5830194354057312,0.3166370093822479,0.7054644227027893,-0.5014348030090332,0.3051691651344299,0.4433687627315521,-0.8948907852172852,0.4292099475860595,0.4146274626255035,-1.0124919414520264,0.4027850925922394,0.2844587862491607,-1.0000520944595337,0.302837073802948,0.0279445871710777,-0.9769328236579896,0.5780659317970276,0.0312821008265018,-0.4115109145641327,0.3901384770870209,0.2952117919921875,-0.005928517319262,0.4640633165836334,0.1843039840459823,0.4043396711349487,0.5482711791992188,0.137921929359436,0.4972250461578369,0.6830809116363525,0.0940349325537681,-0.4609061777591705,0.4453558027744293,0.1107505783438682,-0.0375641696155071,0.4820289015769958,0.0640330165624618,0.3784588575363159,0.5407304763793945,0.0594892427325248,0.4860597848892212,0.6721624732017517,0.0613596849143505,
0.4895988551049028,468,15.6,-0.4494664072990417,0.4089817404747009,0.2036173343658447,-0.4874564707279205,0.4055746495723724,0.2247234433889389,-0.5526015758514404,0.4005893766880035,0.2611474692821502,-0.6164215207099915,0.3962190747261047,0.2930769920349121,-0.6767342686653137,0.4065282642841339,0.3313202559947967,-0.8452754020690918,0.4190254211425781,0.3954435288906097,-0.936082661151886,0.4634173512458801,0.4534317255020141,-0.9775259494781494,0.4839803278446197,0.4784625768661499,-1.0135958194732666,0.5113642811775208,0.504292905330658,-0.8931541442871094,0.4220592677593231,0.4225984215736389,-0.8183936476707458,0.4246715307235718,0.587615430355072,-0.5836457014083862,0.322826087474823,0.7084161043167114,-0.5019162893295288,0.3084485232830047,0.4453385174274444,-0.8946939706802368,0.4323533773422241,0.4155991673469543,-1.0123463869094849,0.4035565853118896,0.2853352427482605,-1.0000770092010498,0.3026850521564483,0.0280840974301099,-0.97691011428833,0.5787396430969238,0.0306966658681631,-0.4118593335151672,0.3912076950073242,0.2964102029800415,-0.0053606727160513,0.4652153849601745,0.1840462982654571,0.4061094522476196,0.550028383731842,0.1374907195568084,0.4988582730293274,0.6851580739021301,0.0932740271091461,-0.462116926908493,0.4457963407039642,0.1109021827578544,-0.0377544686198234,0.4822845160961151,0.0642217025160789,0.3795613050460815,0.5402102470397949,0.0587688311934471,0.4873313307762146,0.6718603372573853,0.060248926281929,
0.5167987914996196,469,15.633333333333333,-0.4497038125991821,0.4090842604637146,0.2039888203144073,-0.4878191947937011,0.4059056341648102,0.2253777980804443,-0.5531342029571533,0.4012217223644256,0.2621650695800781,-0.617364764213562,0.3959099054336548,0.2934890687465668,-0.6775172352790833,0.406603455543518,0.3321075439453125,-0.8460181951522827,0.4216975569725036,0.3954806923866272,-0.9371652007102966,0.4658032655715942,0.4532450139522552,-0.9789991974830629,0.4857699573040008,0.4781384766101837,-1.0153231620788574,0.5130096673965454,0.5037382245063782,-0.8942996859550476,0.4243636131286621,0.4228609800338745,-0.8205451965332031,0.4269960224628448,0.5884296298027039,-0.5854542255401611,0.3267048001289367,0.7104690074920654,-0.5010236501693726,0.3125901818275451,0.4480408430099487,-0.8957000970840454,0.4345116019248962,0.4163032174110412,-1.0122328996658323,0.4039499759674072,0.2853109836578369,-0.9993420243263244,0.3037633001804352,0.0276397336274385,-0.9771550297737122,0.5800238251686096,0.029857350513339,-0.4120867550373077,0.3920435905456543,0.297067642211914,-0.005393648520112,0.4661223590373993,0.1839948743581771,0.4065870642662048,0.5495189428329468,0.1364941745996475,0.499167650938034,0.6854824423789978,0.0934904366731643,-0.4626698493957519,0.4460403621196747,0.1112032681703567,-0.0379435047507286,0.4829341769218445,0.0648501738905906,0.3798908591270447,0.5392266511917114,0.0577079802751541,0.4869444370269775,0.671764612197876,0.0605306252837181,
0.5439987278943365,470,15.666666666666666,-0.4508319497108459,0.4091843664646148,0.2047745883464813,-0.4888440370559692,0.406134694814682,0.226334348320961,-0.5540304183959961,0.4016222655773163,0.2633547186851501,-0.6184987425804138,0.3957172930240631,0.2941239178180694,-0.6785756945610046,0.4065269231796264,0.3329839408397674,-0.8468775153160095,0.423642486333847,0.3957847952842712,-0.9380791187286376,0.4678884446620941,0.453301191329956,-0.9803694486618042,0.4871909618377685,0.477933794260025,-1.0169708728790283,0.5142300128936768,0.5031447410583496,-0.8953274488449097,0.4258025884628296,0.4236012399196625,-0.8220758438110352,0.4303001761436462,0.5894337892532349,-0.5867499709129333,0.3337235748767853,0.7132788896560669,-0.5005879402160645,0.3174236416816711,0.4519225060939789,-0.8970106840133667,0.43589848279953,0.4163242280483246,-1.0122666358947754,0.4038458466529846,0.284942626953125,-0.9990085959434508,0.3044963479042053,0.0274152774363756,-0.9771108031272888,0.5804793238639832,0.0297588184475898,-0.4122940599918365,0.3944176733493805,0.2976918220520019,-0.0055577550083398,0.4681427180767059,0.1844924837350845,0.4064002633094787,0.5498660206794739,0.1359647959470749,0.4994476437568664,0.6855893135070801,0.0933579206466674,-0.4625644385814667,0.4475889205932617,0.112693578004837,-0.0380973443388938,0.4840572476387024,0.0654690638184547,0.3796167373657226,0.5384493470191956,0.0565311536192894,0.486311137676239,0.6712823510169983,0.0605106092989444,
0.5711986642890533,471,15.7,-0.4512837529182434,0.4106274843215942,0.207328051328659,-0.4892838299274444,0.4075827300548553,0.2287914752960205,-0.5545616745948792,0.4030659794807434,0.26569864153862,-0.6192331910133362,0.3968780636787414,0.2961052656173706,-0.6798970699310303,0.4063223004341125,0.3341470658779144,-0.8485565781593323,0.4227626919746399,0.3968346118927002,-0.940479040145874,0.4673032164573669,0.4536219835281372,-0.98214989900589,0.4883016645908355,0.4780932366847992,-1.0188300609588623,0.5158019661903381,0.503179132938385,-0.8973879218101501,0.4263544380664825,0.4238515794277191,-0.825363039970398,0.4303788840770721,0.5905129909515381,-0.5887980461120605,0.3374489247798919,0.715945839881897,-0.5012706518173218,0.3196368813514709,0.4544087648391723,-0.8975053429603577,0.4382658004760742,0.4175741374492645,-1.0120514631271362,0.404052585363388,0.2856763005256653,-0.9989609718322754,0.3044275641441345,0.0275367982685565,-0.9776105880737304,0.5808994770050049,0.0293476041406393,-0.4128111600875854,0.3959481418132782,0.3006113171577453,-0.00574482511729,0.4694056510925293,0.1854175478219986,0.4070243239402771,0.5511958003044128,0.1362148970365524,0.5001509189605713,0.6866579055786133,0.0925735905766487,-0.4635709226131439,0.4483755826950073,0.1147181019186973,-0.0385459586977958,0.484638512134552,0.0660082697868347,0.38006392121315,0.5386441946029663,0.0562073811888694,0.4870002269744873,0.67164146900177,0.0600845068693161,
0.59839860068377,472,15.733333333333333,-0.4518931806087494,0.4124911725521087,0.2095700949430465,-0.4902403056621551,0.4088976979255676,0.2309058308601379,-0.5558968782424927,0.4035336375236511,0.26748988032341,-0.6207246780395508,0.3971661329269409,0.2976316809654236,-0.6815049648284912,0.4062802791595459,0.3354644775390625,-0.8498681783676147,0.4249013364315033,0.3973381519317627,-0.94161456823349,0.4695435166358948,0.4540697336196899,-0.9834296703338624,0.4904042780399322,0.4783386588096618,-1.0205178260803225,0.5175594091415405,0.5029084086418152,-0.8984589576721191,0.4289435446262359,0.4252740740776062,-0.8273695111274719,0.434182733297348,0.592388391494751,-0.5909489393234253,0.3427726924419403,0.7192898392677307,-0.5013135075569153,0.3228020668029785,0.4587137699127197,-0.8993419408798218,0.4395925998687744,0.4179955720901489,-1.0124478340148926,0.4039970338344574,0.2852828502655029,-0.998866856098175,0.3044973015785217,0.0271645355969667,-0.9776527881622314,0.5808985233306885,0.0290583446621894,-0.4131329655647278,0.3992573916912079,0.302959144115448,-0.0060558090917766,0.4718718230724334,0.1870788335800171,0.4068140387535095,0.5512270331382751,0.1356069445610046,0.4995713829994201,0.6875452399253845,0.0933430641889572,-0.4639850556850433,0.4505590200424194,0.1170980036258697,-0.0391828119754791,0.4857631921768188,0.0667702332139015,0.3795224726200104,0.5372803211212158,0.0547010712325573,0.4852535724639892,0.6715686917304993,0.0602586343884468,
0.6255985370784869,473,15.766666666666667,-0.4521081149578094,0.4137988090515136,0.2121868878602981,-0.4906708896160126,0.4101584851741791,0.2334647625684738,-0.5566383004188538,0.4046685397624969,0.2698772549629211,-0.6217348575592041,0.3975059390068054,0.2993890941143036,-0.6830434799194336,0.4056103825569153,0.3364926874637604,-0.8511022329330444,0.4264180064201355,0.3979899883270263,-0.942832350730896,0.4708292484283447,0.4544676840305328,-0.98483145236969,0.491764634847641,0.478290855884552,-1.0219796895980835,0.5192195773124695,0.5022974014282227,-0.8996044397354126,0.4310067594051361,0.4266426861286163,-0.8297299146652222,0.4369722008705139,0.5942960977554321,-0.5939120054244995,0.3453557789325714,0.7224582433700562,-0.50185227394104,0.3248774409294128,0.4627039432525635,-0.9009829759597778,0.4401656985282898,0.4189723432064056,-1.0125356912612915,0.4045075476169586,0.285118967294693,-0.9989048838615416,0.3045317530632019,0.0271450579166412,-0.9774943590164183,0.5809813141822815,0.0288148745894432,-0.4135823845863342,0.4020596444606781,0.3059593439102173,-0.0068606166169047,0.4736632704734802,0.1881810873746872,0.4062304496765136,0.5510923862457275,0.1352438032627105,0.4989015460014343,0.6874635219573975,0.0926539599895477,-0.4642677307128906,0.4531795382499695,0.1203456372022628,-0.0399844571948051,0.4863261282444,0.0674121230840683,0.3787943720817566,0.5355889797210693,0.0534538477659225,0.4839311242103576,0.6704883575439453,0.0592643059790134,
0.6527984734732037,474,15.8,-0.4527064263820648,0.4147271811962127,0.2159631252288818,-0.4908933341503143,0.4119290709495544,0.2374588251113891,-0.5563108325004578,0.4078295826911926,0.2742643654346466,-0.6215600371360779,0.4006257653236389,0.3035717010498047,-0.6838685274124146,0.4049323201179504,0.3386634886264801,-0.8508390188217163,0.4302486181259155,0.4006864726543426,-0.943900465965271,0.4732287526130676,0.4554414749145508,-0.9858720302581788,0.4947669208049774,0.4788148701190948,-1.023195505142212,0.5224286317825317,0.5021982192993164,-0.8996676802635193,0.4348835945129394,0.4291669726371765,-0.8313618898391724,0.4421315193176269,0.5972110033035278,-0.596879780292511,0.3490488231182098,0.7260324954986572,-0.503105878829956,0.3273513317108154,0.4674201011657715,-0.9016074538230896,0.4421172738075256,0.4204939007759094,-1.0120891332626345,0.4053793847560882,0.2861781716346741,-0.9981529712677002,0.3060150742530823,0.0283234752714633,-0.978229820728302,0.581774890422821,0.0285104252398014,-0.4139332175254822,0.403700441122055,0.3096298277378082,-0.007793947122991,0.4762707948684692,0.1910683661699295,0.4048183560371399,0.5517042875289917,0.1352666318416595,0.4963797330856323,0.6886173486709595,0.0926601365208625,-0.4649114906787872,0.4538539052009582,0.1240114420652389,-0.0413348525762558,0.4897847473621368,0.0697369053959846,0.3771714568138122,0.5362018346786499,0.0532219894230365,0.4814048409461975,0.6716799736022949,0.0596578158438205,
0.6799984098679206,475,15.833333333333334,-0.4525916874408722,0.4167999029159546,0.2203967273235321,-0.4910332858562469,0.413836121559143,0.2416978031396865,-0.556880533695221,0.4093669056892395,0.2780984342098236,-0.6224499940872192,0.4008545875549316,0.3063641190528869,-0.6852065324783325,0.4046772420406341,0.3409440815448761,-0.85173100233078,0.4321115911006927,0.4028782844543457,-0.9452288150787354,0.4754177033901214,0.4562909007072449,-0.9874675273895264,0.4968468248844147,0.4792040288448334,-1.0246076583862305,0.5250225067138672,0.5021793246269226,-0.9011237621307372,0.4365388751029968,0.4307159185409546,-0.8342885375022888,0.4445264339447021,0.599417507648468,-0.6007304191589355,0.3506110906600952,0.7297425270080566,-0.5038248896598816,0.3289994597434997,0.4722044765949249,-0.9030115604400636,0.4433420300483703,0.4225570559501648,-1.0116949081420898,0.4068782031536102,0.2869218587875366,-0.9978129863739014,0.3071801662445068,0.0291212145239114,-0.978523850440979,0.5828333497047424,0.0280845053493976,-0.4138928353786468,0.4071454703807831,0.3143706917762756,-0.0080980770289897,0.4797152280807495,0.1941657066345214,0.4045683741569519,0.5516548752784729,0.1344994157552719,0.4952438473701477,0.6894647479057312,0.0922793969511985,-0.4649772346019745,0.4567893147468567,0.1288128644227981,-0.0419795475900173,0.492876648902893,0.0714666694402694,0.3766825199127197,0.535059928894043,0.0517708361148834,0.4793588817119598,0.6719017624855042,0.0588567070662975,
0.7071983462626374,476,15.866666666666667,-0.4524762630462646,0.4180565178394317,0.2242574244737625,-0.4910796880722046,0.4152060449123382,0.2457335591316223,-0.5571452379226685,0.4108763635158539,0.2823036611080169,-0.622954249382019,0.4018514752388,0.3101065456867218,-0.6861358284950256,0.4052007496356964,0.3439501225948334,-0.8521084785461426,0.4352814853191376,0.4051642715930938,-0.9463291764259338,0.4776236116886139,0.4575382173061371,-0.9886665940284728,0.4992118775844574,0.4799790382385254,-1.0261729955673218,0.5272380113601685,0.5023715496063232,-0.9016872644424438,0.4400568604469299,0.4332192540168762,-0.836400032043457,0.4488286972045898,0.6024709939956665,-0.6034142374992371,0.356336236000061,0.7348353266716003,-0.5044640302658081,0.33185014128685,0.4783288836479187,-0.9036542773246764,0.4461794793605804,0.4249483346939087,-1.0110468864440918,0.4088658988475799,0.2882601320743561,-0.9973660111427308,0.3079191446304321,0.0307207722216844,-0.9790469408035278,0.5833680629730225,0.0276739485561847,-0.4140239953994751,0.4098630845546722,0.3186841011047363,-0.0085777696222066,0.4821343421936035,0.1963763535022735,0.4041507840156555,0.552485466003418,0.1340501457452774,0.4939107000827789,0.6912447214126587,0.0918736606836319,-0.4653369784355163,0.4579951167106628,0.1327179372310638,-0.0427819006145,0.4951707422733307,0.0733614489436149,0.3760204613208771,0.5343207716941833,0.0509007573127746,0.4770967662334442,0.672612190246582,0.0580125898122787,
0.7343982826573542,477,15.9,-0.453249841928482,0.4177684485912323,0.2292087376117706,-0.4918593466281891,0.4151683747768402,0.2504683136940002,-0.5581313967704773,0.4111551344394684,0.2866934537887573,-0.6243255138397217,0.4010797441005707,0.3132054507732391,-0.6881005764007568,0.4022532403469085,0.3461700975894928,-0.8532876372337341,0.4364463984966278,0.4074234068393707,-0.9487419724464417,0.4781568050384521,0.4586378335952759,-0.9900633692741394,0.5017821192741394,0.4808494448661804,-1.0273226499557495,0.5307919979095459,0.5029018521308899,-0.90324467420578,0.4412243962287903,0.4353371262550354,-0.839573323726654,0.4526072144508362,0.6053177118301392,-0.608102023601532,0.3567062616348266,0.7391906976699829,-0.504926860332489,0.3341657221317291,0.4837543666362762,-0.9054431915283204,0.445566713809967,0.426844835281372,-1.011324763298035,0.4096247851848602,0.2887517809867859,-0.9965876340866088,0.3078930974006653,0.0310172978788614,-0.9790539741516112,0.584048330783844,0.0279516484588384,-0.4154545366764068,0.4122347235679626,0.3244133591651916,-0.0097173266112804,0.4814406633377075,0.1984291523694992,0.4034432172775268,0.5536888241767883,0.1337677538394928,0.4914065301418304,0.6944281458854675,0.0921989381313324,-0.4665480852127075,0.4600013196468353,0.1387668997049331,-0.0440961048007011,0.4965852200984955,0.075192853808403,0.3755927681922912,0.5343716740608215,0.0507461912930011,0.4746564030647278,0.6746030449867249,0.0574789904057979,
0.761598219052071,478,15.933333333333334,-0.4536800980567932,0.4168565571308136,0.2338205873966217,-0.4921551048755646,0.4152937531471252,0.2554821074008941,-0.5583550333976746,0.4127344191074371,0.2922303378582001,-0.6249206066131592,0.4014559984207153,0.3178038597106933,-0.6893694996833801,0.4013163447380066,0.3497481346130371,-0.8540768623352051,0.4382809400558471,0.4102706015110016,-0.9498176574707032,0.4808316826820373,0.4604837000370025,-0.99125337600708,0.5047761797904968,0.4822033047676086,-1.0288745164871216,0.5335453748703003,0.5038773417472839,-0.9033414125442504,0.446019560098648,0.4380428791046142,-0.8422037363052368,0.4564485549926758,0.6088812351226807,-0.6110914945602417,0.3625625967979431,0.7448886036872864,-0.5057061910629272,0.3373814523220062,0.490439772605896,-0.9062864184379578,0.4485078155994415,0.429072767496109,-1.010498046875,0.4109033942222595,0.2899381816387176,-0.996417999267578,0.3082679510116577,0.0322166495025157,-0.979031503200531,0.5844559073448181,0.0278960615396499,-0.4155404269695282,0.4134202897548675,0.3291014432907104,-0.0098894797265529,0.482993334531784,0.2011023014783859,0.4033743143081665,0.5538737773895264,0.1330809593200683,0.4892631769180298,0.6962497234344482,0.091591790318489,-0.466895580291748,0.4602158069610595,0.1438552737236023,-0.0447949841618537,0.4970055818557739,0.0766996666789054,0.3750951588153839,0.5351064205169678,0.0500357896089553,0.4712264239788055,0.6777414679527283,0.0575578361749649,
0.7887981554467879,479,15.966666666666669,-0.4543296992778778,0.4168766736984253,0.2404732406139373,-0.4931936860084533,0.4151476621627807,0.2617831230163574,-0.560032069683075,0.412188321352005,0.2978164553642273,-0.6269587278366089,0.3999897539615631,0.3224985599517822,-0.6918103694915771,0.3999427556991577,0.3540510833263397,-0.8552703857421875,0.4408389925956726,0.4135331809520721,-0.951400339603424,0.4834640920162201,0.4619500339031219,-0.9928883910179138,0.5074434876441956,0.4830158054828644,-1.0305243730545044,0.5362334251403809,0.5040331482887268,-0.9046819806098938,0.4498297274112701,0.440822035074234,-0.8457916975021362,0.4596931338310241,0.61212158203125,-0.6163387298583984,0.3675462901592254,0.7507584691047668,-0.5071783065795898,0.3403978049755096,0.4989300072193146,-0.9076601266860962,0.4511862397193908,0.4318268895149231,-1.0093157291412354,0.412373811006546,0.2915370762348175,-0.9951341152191162,0.3097758293151855,0.0342954769730567,-0.9784634709358216,0.5852645635604858,0.0282873921096324,-0.4151037335395813,0.4150833487510681,0.3351558744907379,-0.0103132156655192,0.4832124710083008,0.2044884264469146,0.40186607837677,0.5520392060279846,0.1316317021846771,0.4864461421966553,0.6954367756843567,0.0902815982699394,-0.4663090407848358,0.4596190452575683,0.150317907333374,-0.0455358363687992,0.4971690475940704,0.0795025527477264,0.3734662234783172,0.534304141998291,0.0488828793168067,0.4671623706817627,0.6787518858909607,0.0569614954292774,
0.8159980918415046,480,16.0,-0.4542599022388458,0.4167123734951019,0.247408926486969,-0.4937873780727386,0.4137715399265289,0.2678097486495971,-0.5615296959877014,0.4089301228523254,0.3023334741592407,-0.628891110420227,0.3981009721755981,0.3268148601055145,-0.6941847205162048,0.3951238095760345,0.3562462031841278,-0.8590214252471924,0.436977356672287,0.4145546853542328,-0.9549750685691832,0.4824123978614807,0.4621524512767792,-0.9945048093795776,0.5092155337333679,0.4831922650337219,-1.0315172672271729,0.539667010307312,0.5039700865745544,-0.9052857756614684,0.4512732923030853,0.4419018626213074,-0.8508011102676392,0.4630399346351623,0.6153108477592468,-0.622016966342926,0.3673324584960937,0.7568304538726807,-0.5069696307182312,0.3445604741573334,0.5054121017456055,-0.9088310599327089,0.45095956325531,0.4349911212921142,-1.0095778703689575,0.4130356311798095,0.2931856215000152,-0.9927161931991576,0.3103857636451721,0.0343093425035476,-0.9776749014854432,0.5881544351577759,0.0293225534260272,-0.4161217808723449,0.4170230329036712,0.3434905111789703,-0.0103721469640731,0.4826239645481109,0.2077255845069885,0.4036366641521454,0.5528965592384338,0.1310144066810608,0.4839043021202087,0.7000854015350342,0.0904590338468551,-0.4674838185310364,0.4631452560424804,0.1591576039791107,-0.0456334352493286,0.497359961271286,0.082962542772293,0.3755140304565429,0.5365596413612366,0.0487842336297035,0.4652388989925384,0.6844325065612793,0.0568448230624198,
0.8431980282362215,481,16.033333333333335,-0.4546947181224823,0.4151925146579742,0.253671646118164,-0.4944536089897156,0.4129420816898346,0.2742370963096618,-0.5626437664031982,0.4089857637882232,0.3088474571704864,-0.6304880380630493,0.3969101309776306,0.3321781158447265,-0.6966260671615601,0.3930476605892181,0.3603920936584472,-0.8594194054603577,0.4402294158935547,0.4182688891887665,-0.9568119645118712,0.4844316244125366,0.4636997878551483,-0.9958055019378662,0.5122660398483276,0.4843481183052063,-1.0324915647506714,0.5432294607162476,0.5047285556793213,-0.9061428308486938,0.4557070136070251,0.4448304176330566,-0.8544589281082153,0.466621458530426,0.6189126968383789,-0.6272615790367126,0.371638149023056,0.7632018327713013,-0.5079874992370605,0.3480981588363647,0.5139834880828857,-0.9098174571990968,0.4545308649539947,0.4369559288024902,-1.008923053741455,0.4132310748100281,0.2952805161476135,-0.990991473197937,0.3123356103897095,0.0359505750238895,-0.9774209260940552,0.5899163484573364,0.029477123171091,-0.4159099161624908,0.4176390767097473,0.349505603313446,-0.0104259485378861,0.4824497103691101,0.2112878113985061,0.4029903411865234,0.5524823069572449,0.1302279382944107,0.4807739853858948,0.7014766931533813,0.0897357389330864,-0.4671465456485748,0.4615913033485412,0.1653125286102295,-0.0459652878344059,0.4969173073768616,0.0860418081283569,0.3748525381088257,0.5375905632972717,0.048464473336935,0.4618538022041321,0.6874365210533142,0.0565713346004486,
0.8703979646309383,482,16.066666666666666,-0.4551816284656524,0.4136863648891449,0.2601954340934753,-0.4952025413513183,0.4119175970554352,0.2807914912700653,-0.5638951063156128,0.4085209667682647,0.3152606189250946,-0.6321542859077454,0.3952092826366424,0.3372222483158111,-0.6990052461624146,0.3909408748149872,0.3643456697463989,-0.8598508238792419,0.4432911276817322,0.4215555787086487,-0.9586963057518004,0.4858022630214691,0.4648876190185547,-0.9971973299980164,0.5146448016166687,0.4850551187992096,-1.0334380865097046,0.5462750792503357,0.5049934983253479,-0.9078792333602904,0.4579014182090759,0.4465806186199188,-0.8589121103286743,0.4674419164657593,0.621433436870575,-0.6331865191459656,0.3736295104026794,0.7686982154846191,-0.5092007517814636,0.3504782915115356,0.5219456553459167,-0.9109020829200744,0.4570291340351105,0.4391859769821167,-1.0081990957260132,0.4138794839382171,0.2971374690532684,-0.9886687397956848,0.3145800828933716,0.0375684052705764,-0.9766672849655152,0.5919842720031738,0.0301002785563468,-0.4155727624893188,0.4166274070739746,0.3557291626930237,-0.010455590672791,0.4831826388835907,0.2153099775314331,0.4023199677467346,0.5537847876548767,0.129957914352417,0.4782947301864624,0.7032297849655151,0.0873518884181976,-0.4666178822517395,0.4609952867031097,0.1722372770309448,-0.0460959263145923,0.4970232248306274,0.0894860178232193,0.3743206858634949,0.5393906831741333,0.048556812107563,0.4593226313591003,0.6902583837509155,0.0539877712726593,
0.8975979010256552,483,16.1,-0.4544533491134643,0.4142308533191681,0.2676615118980407,-0.4948736727237701,0.4114788770675659,0.287661075592041,-0.5642370581626892,0.4065464735031128,0.3211449682712555,-0.6328955292701721,0.392907053232193,0.3420447409152984,-0.70018070936203,0.3877170979976654,0.3675130307674408,-0.8628330826759338,0.4404285550117492,0.4220776557922363,-0.9611001014709472,0.4858469069004059,0.4646237194538116,-0.9975627064704896,0.5172391533851624,0.4846502542495727,-1.0327646732330322,0.5507341027259827,0.5040702819824219,-0.9075803756713868,0.4596731662750244,0.447610080242157,-0.8632932901382446,0.4720244109630584,0.6242215633392334,-0.6385259628295898,0.3762247860431671,0.7751435041427612,-0.5090694427490234,0.3559429943561554,0.529104471206665,-0.9101130366325378,0.4587601125240326,0.4412128627300262,-1.0075173377990725,0.4145658910274505,0.2985329329967499,-0.987288236618042,0.314341127872467,0.0375285632908344,-0.975649118423462,0.5936622619628906,0.0304133128374815,-0.4160104990005493,0.4195884168148041,0.364433616399765,-0.0098281539976596,0.4829970002174377,0.2188928127288818,0.4040589034557342,0.5569126009941101,0.1292207241058349,0.4758539199829101,0.7097269892692566,0.0872825235128402,-0.4676178693771362,0.4632526040077209,0.1802053153514862,-0.0458139851689338,0.4975839853286743,0.0937379598617553,0.3761783540248871,0.5427780151367188,0.0486319474875927,0.4560723006725311,0.6973482966423035,0.054314736276865,
0.924797837420372,484,16.133333333333333,-0.4549749195575714,0.4123619794845581,0.2746569812297821,-0.4955047965049743,0.4101010859012604,0.2944841682910919,-0.5651643872261047,0.4058626890182495,0.3275709152221679,-0.6342481970787048,0.3918071985244751,0.3472453355789184,-0.7020783424377441,0.3863359987735748,0.3722607493400574,-0.8631452918052673,0.443441778421402,0.4255521297454834,-0.9627244472503662,0.4871509075164795,0.4652701616287231,-0.9987577199935912,0.5193439722061157,0.4847381711006164,-1.0333596467971802,0.5536081194877625,0.503330409526825,-0.9088008403778076,0.4626383483409881,0.4502443671226501,-0.866958498954773,0.4736937284469604,0.6271675229072571,-0.6441145539283752,0.379987359046936,0.7809401154518127,-0.5111861228942871,0.3580497205257416,0.5375168323516846,-0.9114980697631836,0.4607210755348205,0.4433409571647644,-1.0060265064239502,0.4160456955432892,0.2997163236141205,-0.9856339693069458,0.3161148726940155,0.0393124110996723,-0.974985420703888,0.5947234630584717,0.0309432595968246,-0.4152624607086181,0.4189908802509308,0.370597094297409,-0.0100136203691363,0.4830023348331451,0.2220673114061355,0.4025937914848327,0.5579795241355896,0.1286298632621765,0.4727031588554382,0.7113232612609863,0.0854339227080345,-0.4666122198104858,0.4617144763469696,0.1874153017997741,-0.0461801253259182,0.4973278641700744,0.0971751734614372,0.3746405243873596,0.5443899631500244,0.0486234985291957,0.4522320032119751,0.6999499201774597,0.0520275607705116,
0.9519977738150888,485,16.166666666666668,-0.4553139805793762,0.4113678336143493,0.2820295393466949,-0.4959807991981506,0.4093629717826843,0.3017131686210632,-0.566075325012207,0.4054170548915863,0.3344091176986694,-0.6358753442764282,0.3910684585571289,0.3530452251434326,-0.7044239044189453,0.3841325938701629,0.3775001764297485,-0.8636137247085571,0.4462580382823944,0.4286174774169922,-0.9643048048019408,0.4884427487850189,0.4656606018543243,-1.0002079010009766,0.5211776494979858,0.4840938150882721,-1.034488320350647,0.5559646487236023,0.5013573169708252,-0.9093345403671264,0.4662197232246399,0.4530224502086639,-0.86979079246521,0.4769743680953979,0.6302212476730347,-0.6489135026931763,0.3863103985786438,0.7871527671813965,-0.5135243535041809,0.3608342409133911,0.5461940765380859,-0.91312438249588,0.4620470106601715,0.4447795152664184,-1.0054948329925537,0.4155826270580292,0.3007702529430389,-0.9846205711364746,0.3172415494918823,0.0405460335314273,-0.9738795161247252,0.5951557159423828,0.0315710343420505,-0.4147238135337829,0.4191252589225769,0.3772888779640198,-0.010712357237935,0.4836411476135254,0.2255522906780243,0.4003980755805969,0.56025230884552,0.128757357597351,0.4691913425922394,0.7138155102729797,0.0839700624346733,-0.4663261473178863,0.4586764574050903,0.1938350349664688,-0.0471012331545352,0.4966279864311218,0.1008039116859436,0.372361421585083,0.547040581703186,0.0495808124542236,0.4480821490287781,0.7034540176391602,0.0509681031107902,
0.9791977102098056,486,16.2,-0.4550138413906097,0.4116701781749725,0.2899942398071289,-0.4960129261016845,0.4087187051773071,0.3089927434921264,-0.5668319463729858,0.4031981229782104,0.3405365943908691,-0.6370904445648193,0.387810468673706,0.3573947846889496,-0.7061877846717834,0.3789618611335754,0.3797055184841156,-0.8665356040000916,0.4429899454116821,0.4294936954975128,-0.9675666093826294,0.4872359335422516,0.4649631083011627,-1.000870943069458,0.5225144028663635,0.4835146367549896,-1.034040451049805,0.559126615524292,0.5005987882614136,-0.9084166288375854,0.4677604138851166,0.4540124833583832,-0.8743302822113037,0.4805479347705841,0.6330469250679016,-0.6536586880683899,0.388187825679779,0.7934982776641846,-0.5133952498435974,0.3647187650203705,0.5523765683174133,-0.9125073552131652,0.4628375470638275,0.4478524327278137,-1.0047587156295776,0.4157609343528747,0.302546352148056,-0.9832853674888612,0.3175797760486603,0.039975706487894,-0.9733785390853882,0.5978334546089172,0.0317207165062427,-0.4156160950660705,0.4194955229759216,0.3868157863616943,-0.0107456929981708,0.4860910177230835,0.2303633987903595,0.4019038379192352,0.5630640983581543,0.1273878663778305,0.4671449363231659,0.7192907929420471,0.0817801728844642,-0.4674907326698303,0.4618749618530273,0.2031266391277313,-0.0468118749558925,0.4978484511375427,0.1056912988424301,0.3745926022529602,0.5512955188751221,0.0501688048243522,0.4459916055202484,0.7108238935470581,0.0505320988595485,
1.0063976466045224,487,16.233333333333334,-0.4547615051269531,0.412564218044281,0.2978564798831939,-0.496007353067398,0.4094006419181824,0.3164776861667633,-0.5671772360801697,0.4035869538784027,0.3473407626152038,-0.6377753615379333,0.3883683681488037,0.3634946346282959,-0.7071843147277832,0.3787861466407776,0.3855671286582947,-0.8663403987884521,0.4462173581123352,0.4327783286571502,-0.968804121017456,0.487842321395874,0.4652452170848846,-1.002145767211914,0.5236047506332397,0.4828138053417206,-1.03515625,0.5605708956718445,0.4988588690757751,-0.9091181755065918,0.4703772664070129,0.4565239548683166,-0.8772834539413452,0.4824472069740295,0.6357406377792358,-0.6585860252380371,0.3933321833610534,0.799218475818634,-0.515039324760437,0.3679111897945404,0.5610939860343933,-0.9138002991676332,0.4629256427288055,0.4491929709911346,-1.0040903091430664,0.4148547053337097,0.3034801483154297,-0.9824258089065552,0.3189194202423095,0.0409652888774871,-0.9726282358169556,0.5983825325965881,0.0321804173290729,-0.414353460073471,0.4203092455863952,0.3939018845558166,-0.0110201574862003,0.4865924119949341,0.2338082790374755,0.3998135924339294,0.5643171072006226,0.1265753358602523,0.463846743106842,0.7206687927246094,0.0796843767166137,-0.4659954905509949,0.46184241771698,0.2105712294578552,-0.0467335022985935,0.4996193349361419,0.1108794808387756,0.3730246722698211,0.5534860491752625,0.0507580414414405,0.4425721168518066,0.7137444615364075,0.0494355894625186,
1.0335975829992392,488,16.266666666666666,-0.4543990194797516,0.4132878184318542,0.3061334192752838,-0.4956706464290619,0.4104670584201813,0.3244813680648803,-0.567020833492279,0.405119925737381,0.3548164665699005,-0.6379557251930237,0.3896500766277313,0.3701136112213135,-0.7079005837440491,0.3793387711048126,0.3915784358978271,-0.8664078712463379,0.4494081139564514,0.4359620213508606,-0.9700905084609984,0.4880885183811188,0.4651943445205688,-1.0038049221038818,0.5238510370254517,0.4817914962768554,-1.0365607738494873,0.561112642288208,0.496623158454895,-0.9099045991897584,0.4721308052539825,0.4597719609737396,-0.8808227777481079,0.4832719564437866,0.6386671662330627,-0.6643408536911011,0.3963885903358459,0.8042283058166504,-0.5173304080963135,0.3702361583709717,0.5695539116859436,-0.9150209426879884,0.4629714488983154,0.449689120054245,-1.003165364265442,0.4143127799034118,0.3035019338130951,-0.9822458624839784,0.319245308637619,0.041673619300127,-0.9726812839508056,0.5974345803260803,0.0313642434775829,-0.4127750396728515,0.4206676781177521,0.4010737538337707,-0.011452741920948,0.4872862994670868,0.2373921275138855,0.3970800638198852,0.5645162463188171,0.1253174245357513,0.4603630602359772,0.7209115624427795,0.0777804180979728,-0.4649010300636291,0.4595507085323334,0.217629462480545,-0.0473083555698394,0.5006552934646606,0.1160133853554725,0.3705099523067474,0.5537755489349365,0.050932228565216,0.4388923943042755,0.7145093679428101,0.0487928576767444,
1.060797519393956,489,16.3,-0.4546293020248413,0.4128522574901581,0.3142829835414886,-0.4959613680839538,0.4096711575984955,0.3320526480674743,-0.5676833391189575,0.4037781059741974,0.3615031242370605,-0.6392320394515991,0.3883994817733764,0.3755489587783813,-0.70938640832901,0.3751786649227142,0.3946896195411682,-0.869127631187439,0.445977121591568,0.4369723200798034,-0.9735974669456482,0.4854331910610199,0.4640282988548279,-1.0048494338989258,0.523368239402771,0.4807866513729095,-1.036895751953125,0.5619339942932129,0.4952865540981293,-0.9095429182052612,0.4729048609733581,0.4608490467071533,-0.8843551874160767,0.4865978360176086,0.6407889127731323,-0.6693383455276489,0.3980410397052765,0.8096387386322021,-0.5179955959320068,0.3737219274044037,0.5758079886436462,-0.9149922132492064,0.4639264643192291,0.45185586810112,-1.0025254487991333,0.4136771559715271,0.3051847517490387,-0.9810634851455688,0.3197674751281738,0.0417354293167591,-0.97272527217865,0.5992850661277771,0.0310628283768892,-0.4132057130336761,0.4214034676551819,0.409836083650589,-0.011804792098701,0.4890808761119842,0.2418307960033416,0.397219568490982,0.5680460929870605,0.125294491648674,0.4589781761169433,0.7258977293968201,0.077170230448246,-0.4652672410011291,0.4609460234642029,0.2264301180839538,-0.0471969805657863,0.5033679604530334,0.1216001212596893,0.3715091347694397,0.5577929615974426,0.0520562231540679,0.4374414980411529,0.7203662991523743,0.0491932034492492,
1.087997455788673,490,16.333333333333332,-0.4537887871265411,0.414272278547287,0.3223601579666137,-0.4954113364219665,0.4112286567687988,0.3397613167762756,-0.5677009224891663,0.4053860008716583,0.3684781491756439,-0.6395702362060547,0.3891696035861969,0.3815932273864746,-0.7101771235466003,0.3752238750457763,0.3999282717704773,-0.8691336512565613,0.4483780562877655,0.4397710263729095,-0.9750030040740968,0.4851559400558471,0.4640991389751434,-1.006272554397583,0.5235191583633423,0.4800614714622497,-1.0375109910964966,0.5628120303153992,0.4938796460628509,-0.910222053527832,0.4746898412704468,0.4635765552520752,-0.8886970281600952,0.4860184788703918,0.6434399485588074,-0.6751065254211426,0.3999893367290497,0.8146668076515198,-0.5198503732681274,0.3762079775333404,0.5836586952209473,-0.9164656400680542,0.4640140831470489,0.453634649515152,-1.001731514930725,0.4134620428085327,0.3057684600353241,-0.9803844690322876,0.3198294043540954,0.0423437170684337,-0.9728543758392334,0.5989827513694763,0.0308164674788713,-0.4124435782432556,0.4219559729099273,0.4177972674369812,-0.012580256909132,0.4892275929450989,0.2452465742826461,0.3952126204967499,0.5686543583869934,0.1246656849980354,0.4566297531127929,0.7263532280921936,0.0752051994204521,-0.4648728668689728,0.4601052701473236,0.2334111779928207,-0.0476108267903327,0.5041163563728333,0.1264683604240417,0.3700222671031952,0.5590919852256775,0.0526948757469654,0.4349959194660187,0.7221778035163879,0.0486547276377677,
1.1151973921833898,491,16.366666666666667,-0.4540379643440246,0.4141635000705719,0.3296332955360412,-0.4956446588039398,0.4115647971630096,0.3467491865158081,-0.5681537985801697,0.4062609374523163,0.3748788833618164,-0.6403713226318359,0.3894725143909454,0.3870060443878174,-0.7114790678024292,0.3745790421962738,0.4046759903430938,-0.8695790767669678,0.4501255750656128,0.4421118795871734,-0.9764106869697572,0.4844794869422912,0.4636803567409515,-1.0074783563613892,0.523298442363739,0.478915810585022,-1.0383412837982178,0.5629630088806152,0.4914571344852447,-0.911382794380188,0.4759062230587005,0.4655349552631378,-0.8918645977973938,0.4863657653331756,0.6454746127128601,-0.6805586814880371,0.4034006595611572,0.8195832967758179,-0.5220733284950256,0.3788376152515411,0.591802716255188,-0.9181807041168212,0.4630959630012512,0.4536473751068115,-1.0013751983642578,0.4120406806468963,0.3051921725273132,-0.9802053570747375,0.319581925868988,0.0420876741409301,-0.9726740717887878,0.5979543924331665,0.0308091845363378,-0.4115683436393738,0.4218219816684723,0.4241782128810882,-0.0128795318305492,0.4884574711322784,0.2488056570291519,0.3928766846656799,0.5682820677757263,0.1239326149225235,0.454143613576889,0.7258485555648804,0.0739360153675079,-0.4640509188175201,0.4569759666919708,0.2394427061080932,-0.0481820665299892,0.5049095153808594,0.1308841854333877,0.367970734834671,0.5594825148582458,0.0532775223255157,0.4324749410152435,0.7227067947387695,0.0482673235237598,
1.1423973285781066,492,16.4,-0.4539119005203247,0.4144595563411712,0.3372663557529449,-0.4958440661430359,0.4107369482517242,0.3533936738967895,-0.5690292716026306,0.4036672115325928,0.3799493312835693,-0.6419296860694885,0.3866110146045685,0.3909935355186462,-0.7132744789123535,0.3692546486854553,0.4071217775344848,-0.8731347918510437,0.4450780749320984,0.4421099424362182,-0.9801493883132936,0.4817110002040863,0.4622876346111297,-1.0090618133544922,0.5223531126976013,0.4779174923896789,-1.0395385026931765,0.5630954504013062,0.4901779890060425,-0.9116042852401732,0.4748728275299072,0.4656586050987243,-0.8961759209632874,0.4879322648048401,0.6467804312705994,-0.6860015988349915,0.4026328325271606,0.8243085145950317,-0.5225514769554138,0.3816424608230591,0.5973235368728638,-0.9187089204788208,0.4628407955169678,0.4552363455295563,-1.0014644861221311,0.4100895822048187,0.3061306774616241,-0.9796069264411926,0.3187792003154754,0.0408374518156051,-0.9732630252838136,0.5991846919059753,0.0302614495158195,-0.4123540818691253,0.4194863438606262,0.4330004751682281,-0.0135872447863221,0.4868136048316955,0.2516122162342071,0.3935315012931824,0.5702679753303528,0.1235297471284866,0.4530432224273681,0.7298529148101807,0.0735307484865188,-0.4656894505023956,0.4568235278129577,0.2462426871061325,-0.0481601506471633,0.505602240562439,0.1357750743627548,0.369522362947464,0.5595738887786865,0.0523869544267654,0.4313029944896698,0.7253919243812561,0.0488465838134288,
1.1695972649728235,493,16.433333333333334,-0.4538178741931915,0.4144395589828491,0.344163030385971,-0.4956299960613251,0.4114812910556793,0.3600178062915802,-0.5689626336097717,0.405450165271759,0.3860620558261871,-0.6423317193984985,0.3880521655082702,0.3963921666145324,-0.714255154132843,0.3695636987686157,0.4115863442420959,-0.8728784918785095,0.4479584395885467,0.4449398517608642,-0.98064124584198,0.4825060963630676,0.4623850584030151,-1.0091793537139893,0.523719310760498,0.4770480394363403,-1.038891077041626,0.5649749636650085,0.4879020452499389,-0.9120097756385804,0.4774958193302154,0.4675813019275665,-0.8994192481040955,0.4870671033859253,0.6485558748245239,-0.6912248730659485,0.4058195352554321,0.8286643028259277,-0.5247085094451904,0.3845260441303253,0.6050915122032166,-0.9201267957687378,0.4629624783992767,0.4552056789398193,-1.00114905834198,0.407816082239151,0.3062271177768707,-0.9790775775909424,0.3190808594226837,0.0410017259418964,-0.9731234908103944,0.598456621170044,0.0302199684083461,-0.4109110534191131,0.4186647832393646,0.4387918412685394,-0.0137820206582546,0.4851670563220978,0.2543548345565796,0.391125738620758,0.5701962113380432,0.1230828166007995,0.4506752490997314,0.7297664880752563,0.0733153894543647,-0.4645070135593414,0.4541825354099273,0.2521659135818481,-0.0484208576381206,0.5047591328620911,0.139646291732788,0.3674236238002777,0.5605329275131226,0.053250066936016,0.4288908243179321,0.7264454364776611,0.0495376884937286,
1.19679720136754,494,16.466666666666665,-0.4536951780319214,0.4144703447818756,0.3507391810417175,-0.4954855144023895,0.4119618535041809,0.3662691116333008,-0.56889808177948,0.4065954685211181,0.3917930126190185,-0.6424954533576965,0.3891483843326568,0.4018392860889435,-0.7149478793144226,0.3702079951763153,0.4160277545452118,-0.8722385168075562,0.4511162340641022,0.4477029740810394,-0.9805525541305542,0.4838786721229553,0.4625303149223327,-1.008922100067139,0.5254288911819458,0.4764048159122467,-1.038203239440918,0.5669153928756714,0.486076146364212,-0.912179946899414,0.479630172252655,0.4695087671279907,-0.9032313227653505,0.4851317703723907,0.6498347520828247,-0.6976178884506226,0.4060700237751007,0.8320575952529907,-0.5276457667350769,0.3857821226119995,0.6124795079231262,-0.9208968281745912,0.463486909866333,0.4546628892421722,-1.0007237195968628,0.405856728553772,0.3060844540596008,-0.9789302349090576,0.3196494877338409,0.0410502552986145,-0.9729033708572388,0.5978373289108276,0.0300936661660671,-0.4097428619861603,0.4168408811092376,0.444150298833847,-0.0141393132507801,0.4830906689167022,0.2571668624877929,0.3884488344192505,0.5698400735855103,0.1229585334658622,0.4481380879878998,0.7293522357940674,0.0734353512525558,-0.4630901515483856,0.4517276287078857,0.2578996419906616,-0.0486014261841774,0.5032612681388855,0.1429213434457779,0.3652581572532654,0.5607024431228638,0.0537457801401615,0.426453948020935,0.7266398668289185,0.0500705279409885,
1.223997137762257,495,16.5,-0.4530953168869018,0.4153505563735962,0.357535570859909,-0.4952164888381958,0.4116520881652832,0.3721957206726074,-0.5695626139640808,0.4042595028877258,0.3962680101394653,-0.6443506479263306,0.3854683339595794,0.40512415766716,-0.7169720530509949,0.3620339632034302,0.4172524511814117,-0.8744702339172363,0.4466401040554046,0.4474985003471374,-0.9834799766540528,0.4818442463874817,0.4613523185253143,-1.0097875595092771,0.5251829624176025,0.4756519496440887,-1.0390682220458984,0.5676574110984802,0.4849126040935516,-0.912524402141571,0.4785168170928955,0.4694107174873352,-0.9071194529533386,0.4867537319660187,0.6512528657913208,-0.7011069059371948,0.4073617160320282,0.8373802304267883,-0.527001678943634,0.3892346322536468,0.6170426607131958,-0.9212249517440796,0.4633243680000305,0.4567118287086487,-1.000882625579834,0.4040752947330475,0.3072131872177124,-0.978945016860962,0.3185927271842956,0.0392747223377227,-0.9730307459831238,0.5997030138969421,0.0292716268450021,-0.4108852446079254,0.4149034023284912,0.4528026282787323,-0.0142879895865917,0.4821102917194366,0.2599895000457763,0.3907305300235748,0.571628212928772,0.1221522465348243,0.4475642144680023,0.7338243126869202,0.0729618668556213,-0.4658301174640655,0.4507002830505371,0.2634064853191376,-0.0484303794801235,0.5040732026100159,0.1477377116680145,0.3680161237716675,0.5618201494216919,0.0532201007008552,0.4261175096035003,0.7307255864143372,0.0513241961598396,
1.2511970741569738,496,16.533333333333335,-0.4527182877063751,0.4146713614463806,0.3632261455059051,-0.4947645366191864,0.4118294715881347,0.3776740431785583,-0.5691356658935547,0.4057067632675171,0.4013764858245849,-0.6440756320953369,0.3869584798812866,0.4099220931529999,-0.7171701192855835,0.3636702597141266,0.421446681022644,-0.8735609650611877,0.4499618411064148,0.4503402709960937,-0.9831316471099854,0.4829700291156769,0.4616261422634125,-1.0095641613006592,0.5264274477958679,0.475182831287384,-1.0387061834335327,0.5688870549201965,0.4834153652191162,-0.9122629761695862,0.4811540842056274,0.4715183079242706,-0.910275399684906,0.4850035607814789,0.6524932384490967,-0.7069100141525269,0.4075363278388977,0.8405202031135559,-0.5297401547431946,0.3907114565372467,0.6240309476852417,-0.921627402305603,0.4638343453407287,0.4562064409255981,-1.0001040697097778,0.4028733968734741,0.3070535659790039,-0.9786919355392456,0.3192161023616791,0.0395413190126419,-0.9727661609649658,0.5991901755332947,0.0295656416565179,-0.4091729521751404,0.414165735244751,0.4573427438735962,-0.0140910735353827,0.4804494380950928,0.2626428604125976,0.3884554505348205,0.5698802471160889,0.1213265359401702,0.4452560245990753,0.7323306202888489,0.0731861144304275,-0.4641125500202179,0.4488244354724884,0.2686208486557007,-0.048382680863142,0.5038055181503296,0.1512561589479446,0.3660642802715301,0.561225950717926,0.0536433160305023,0.4238783121109009,0.7301949858665466,0.0519137308001518,
1.2783970105516906,497,16.566666666666666,-0.4528602063655853,0.4142287969589233,0.3682613372802734,-0.4951238930225372,0.4116083085536957,0.3824182152748108,-0.5701081156730652,0.4055716097354889,0.405573695898056,-0.6458208560943604,0.3859327137470245,0.4135462045669555,-0.7198113203048706,0.3608506023883819,0.4238319993019104,-0.8724414110183716,0.4528527855873108,0.4527768492698669,-0.9830707907676696,0.4830335974693298,0.4614101350307464,-1.0097299814224243,0.5267238020896912,0.474297821521759,-1.0385419130325315,0.5694636106491089,0.4818083345890045,-0.9120392203330994,0.4832693636417389,0.4730942249298095,-0.9131330251693726,0.4843023121356964,0.6538817286491394,-0.7114196419715881,0.4085327386856079,0.8441803455352783,-0.5313614010810852,0.3920912742614746,0.6300392150878906,-0.9219694137573242,0.4638856053352356,0.4561054408550262,-0.999506175518036,0.4009233713150024,0.3069305717945099,-0.978810727596283,0.3188716471195221,0.0388567820191383,-0.9724547863006592,0.5988261699676514,0.0295385550707578,-0.4088557660579681,0.4133709669113159,0.4622137546539306,-0.0141059253364801,0.4784730076789856,0.2651481628417969,0.3874935507774353,0.5689562559127808,0.1209746897220611,0.4441709816455841,0.7316741347312927,0.0726124048233032,-0.4639556407928467,0.4463430345058441,0.2728386223316192,-0.0485295318067073,0.5037485957145691,0.1548255085945129,0.3651520907878876,0.5600611567497253,0.0533224865794181,0.4224609136581421,0.7296273708343506,0.0517776980996131,
1.3055969469464075,498,16.6,-0.4513281583786011,0.4170165359973907,0.375136137008667,-0.4940334558486938,0.412695825099945,0.3883737623691559,-0.5699001550674438,0.4039362967014313,0.4100204408168793,-0.6467949151992798,0.383332222700119,0.4171425104141235,-0.720628023147583,0.3539156317710876,0.425040602684021,-0.8743168711662292,0.4487393200397491,0.4523900151252746,-0.9858527183532716,0.4811811447143554,0.4601152241230011,-1.010193943977356,0.5266589522361755,0.4736829698085785,-1.0386701822280884,0.5706913471221924,0.4810704886913299,-0.9114386439323424,0.4826387465000152,0.4726166427135467,-0.9161487221717834,0.487041026353836,0.6550777554512024,-0.7148017883300781,0.4066822826862335,0.8488901853561401,-0.530410647392273,0.3945558071136474,0.633356511592865,-0.9210382699966432,0.4649901688098907,0.4587692022323608,-0.9991613030433656,0.4004658162593841,0.3086600005626678,-0.9781383275985718,0.3184274435043335,0.0371363349258899,-0.972365379333496,0.6020125150680542,0.028888925909996,-0.4097380936145782,0.4152018129825592,0.4718259871006012,-0.0134853031486272,0.4814558625221252,0.2692243456840515,0.3913628160953522,0.5725406408309937,0.1205461919307708,0.4450883269309997,0.7381782531738281,0.0725655555725097,-0.4660436511039734,0.4496450424194336,0.2792257666587829,-0.0471942275762558,0.5078933238983154,0.1606821417808532,0.3695775270462036,0.5620883703231812,0.0529402010142803,0.4236161410808563,0.7347626090049744,0.0534968376159668,
1.3327968833411243,499,16.633333333333333,-0.4509014785289764,0.4167321026325226,0.3802462220191955,-0.4935747385025024,0.4131916463375091,0.3933487236499786,-0.569743812084198,0.4054308831691742,0.4147446751594543,-0.6472510695457458,0.3842950761318207,0.4215235710144043,-0.7217967510223389,0.3535447120666504,0.4279713630676269,-0.8726380467414856,0.4524862170219421,0.4551923871040344,-0.9848913550376892,0.4823745787143707,0.4605503678321838,-1.0096606016159058,0.5278624892234802,0.4734519720077514,-1.0377906560897827,0.5720205307006836,0.4802643060684204,-0.910918116569519,0.4851980209350586,0.4743273556232452,-0.9178784489631652,0.486952006816864,0.6563546657562256,-0.7186639308929443,0.4076984524726867,0.8518615365028381,-0.5320863127708435,0.3958011269569397,0.6388726234436035,-0.9209719896316528,0.4657236337661743,0.4586757719516754,-0.9982103705406188,0.3993057012557983,0.3088259696960449,-0.977641463279724,0.3192108273506164,0.0372568294405937,-0.9726784825325012,0.6019372344017029,0.028484147042036,-0.4081201553344726,0.415706068277359,0.4760758876800537,-0.0127721363678574,0.4817136228084564,0.2721214592456817,0.3904007077217102,0.573026716709137,0.1207819879055023,0.4441100656986236,0.7383196353912354,0.0722548961639404,-0.4648236334323883,0.4473684728145599,0.2836362719535827,-0.0471297465264797,0.5074241757392883,0.1635686010122299,0.368331104516983,0.5618476271629333,0.0534419603645801,0.4225976169109344,0.734375536441803,0.053556889295578,
1.3599968197358412,500,16.666666666666668,-0.4506019055843353,0.4153822958469391,0.3846024572849273,-0.4930983483791351,0.4126599133014679,0.39751797914505,-0.5693368315696716,0.4062016904354095,0.4186665117740631,-0.6475104689598083,0.3850062787532806,0.4251916110515594,-0.7224340438842773,0.3523415923118591,0.4301623404026031,-0.8718844652175903,0.4537606239318847,0.4566734135150909,-0.9847196340560912,0.4824874401092529,0.4602145850658417,-1.0097039937973022,0.5280585885047913,0.4727293252944946,-1.0376627445220947,0.5722754001617432,0.4789899885654449,-0.9100035429000854,0.4870693385601043,0.4756612479686737,-0.9199106693267822,0.4858714938163757,0.6571544408798218,-0.7225061058998108,0.4077084064483642,0.8543075323104858,-0.5334810018539429,0.3964373469352722,0.6439749598503113,-0.9215670824050904,0.4656662344932556,0.4584533274173736,-0.9973453879356384,0.3978928625583648,0.3084999918937683,-0.9775455594062804,0.319778561592102,0.0367416404187679,-0.9726901650428772,0.6018858551979065,0.0277555137872695,-0.4071555733680725,0.4161819219589233,0.4798803329467773,-0.0125269778072834,0.4803200364112854,0.2741877734661102,0.3893048763275146,0.5730146765708923,0.1211760118603706,0.4430821239948272,0.7379559874534607,0.0719100460410118,-0.4637881517410278,0.4454448223114013,0.2876532077789306,-0.0470022335648536,0.5065097212791443,0.1659882664680481,0.3673750758171081,0.5625633597373962,0.0542547963559627,0.4216191172599792,0.7349861264228821,0.0537222400307655,
1.387196756130558,501,16.7,-0.4499171078205108,0.416748970746994,0.3902730345726013,-0.4924226999282837,0.4127614200115204,0.4023948013782501,-0.5687852501869202,0.4042643010616302,0.422391414642334,-0.6471287608146667,0.3828045129776001,0.4280894696712494,-0.7219062447547913,0.3487195968627929,0.4318205416202545,-0.8732698559761047,0.4495860636234283,0.4559441804885864,-0.9864729642868042,0.4806210696697235,0.4588558375835418,-1.0098403692245483,0.5275452733039856,0.4718406200408935,-1.037238359451294,0.572819709777832,0.4779359400272369,-0.9092960953712464,0.4858834147453308,0.4755806922912597,-0.9216777086257936,0.4880255162715912,0.6580433249473572,-0.7249746322631836,0.407325804233551,0.8575780391693115,-0.5327960848808289,0.3991842567920685,0.6473116278648376,-0.9213032722473145,0.4651935398578644,0.4603853225708008,-0.996920108795166,0.3975832164287567,0.3093737065792084,-0.9769780039787292,0.3194450438022613,0.0359019301831722,-0.9727383255958556,0.6034449934959412,0.0272671058773994,-0.4076040387153625,0.4170653522014618,0.487069696187973,-0.0126070789992809,0.4819759428501129,0.2776108384132385,0.3905619382858276,0.5741634368896484,0.1207509115338325,0.4434649050235748,0.7408660054206848,0.0724533125758171,-0.464756578207016,0.4471667408943176,0.2930086255073547,-0.0464077740907669,0.5085932612419128,0.1700820028781891,0.3694193363189697,0.5632001161575317,0.0540721155703067,0.4220835864543915,0.7373622059822083,0.054731797426939,
1.414396692525275,502,16.733333333333334,-0.4492536783218384,0.4161863327026367,0.3944788575172424,-0.4918094277381897,0.4127385914325714,0.406389981508255,-0.5685074925422668,0.4050253331661224,0.4260767698287964,-0.6472406387329102,0.3830012381076813,0.43157958984375,-0.7222495079040527,0.3472741246223449,0.4339917004108429,-0.8720248341560364,0.4510143399238586,0.4577918946743011,-0.986612856388092,0.4794734120368957,0.4582438766956329,-1.0091354846954346,0.5274380445480347,0.4711649119853973,-1.0365431308746338,0.5730811953544617,0.4768145084381103,-0.9082488417625428,0.4885241687297821,0.4760948717594147,-0.9231895208358764,0.4880320131778717,0.6587001085281372,-0.7275159358978271,0.4085348844528198,0.8606170415878296,-0.5329270958900452,0.4000085294246673,0.6515440940856934,-0.9204837083816528,0.4678816199302673,0.460649311542511,-0.9955601692199708,0.3969826102256775,0.3102516829967499,-0.9765602350234984,0.3203597962856293,0.0356454849243164,-0.9722292423248292,0.6049563884735107,0.0276295263320207,-0.4070217311382293,0.416957139968872,0.4916246831417084,-0.0121095711365342,0.4805517494678497,0.279594749212265,0.3906904458999634,0.5746599435806274,0.1203343421220779,0.4435555934906006,0.7414882183074951,0.0713400095701217,-0.4646457135677337,0.4451526403427124,0.296557068824768,-0.0460681989789009,0.507278561592102,0.1722333580255508,0.3698234856128692,0.5632612705230713,0.0539941675961017,0.4220488667488098,0.738029420375824,0.0548843927681446,
1.4415966289199915,503,16.766666666666666,-0.4485581815242767,0.4156621396541595,0.3986246883869171,-0.4909078478813171,0.4131212830543518,0.4105124473571777,-0.5676015615463257,0.4068128764629364,0.4302316308021545,-0.6470205783843994,0.3847218155860901,0.4354422986507416,-0.7223864793777466,0.3474258482456207,0.4364280998706817,-0.8703107237815857,0.4535175859928131,0.4597101509571075,-0.9854572415351868,0.4803993701934814,0.4585716426372528,-1.0088096857070925,0.5279524922370911,0.4705982804298401,-1.0365709066390991,0.5730801820755005,0.4753449857234955,-0.9073752164840698,0.4906187653541565,0.4772540926933288,-0.9240187406539916,0.4879814088344574,0.6594542264938354,-0.7304484844207764,0.4097319841384887,0.8627470135688782,-0.5341303944587708,0.401285707950592,0.6564286351203918,-0.9197596311569214,0.4696566760540008,0.4605195522308349,-0.9938137531280518,0.396874338388443,0.3102477788925171,-0.9763745069503784,0.3210979402065277,0.035860039293766,-0.971891701221466,0.6046966910362244,0.0274680908769369,-0.4052214026451111,0.4170924425125122,0.4948063492774963,-0.011429501697421,0.4792021512985229,0.2813396155834198,0.3894726634025574,0.5737302899360657,0.1199527382850647,0.4425231218338012,0.7404620051383972,0.0714243948459625,-0.4625075459480285,0.444327712059021,0.3006699979305267,-0.045389924198389,0.5065047144889832,0.1745524257421493,0.3687142133712768,0.5633407235145569,0.0542883612215518,0.4208509922027588,0.7379583120346069,0.0553781688213348,
1.4687965653147084,504,16.8,-0.4485847353935241,0.4141997098922729,0.4020835757255554,-0.4909332394599914,0.4114890098571777,0.4138410687446594,-0.5680283904075623,0.4047456383705139,0.4332221448421478,-0.6477811932563782,0.3816009163856506,0.4375120401382446,-0.7230786681175232,0.3423712849617004,0.4371852874755859,-0.8717223405838013,0.4494454860687256,0.459372878074646,-0.9871660470962524,0.4785101115703583,0.4579234421253204,-1.0088059902191162,0.5272873044013977,0.4704358279705047,-1.0369160175323486,0.5728105902671814,0.4751541018486023,-0.907509982585907,0.4886910319328308,0.4768415689468384,-0.9248394966125488,0.489713579416275,0.6598504781723022,-0.7325155735015869,0.4093737602233886,0.8656796813011169,-0.5335742235183716,0.402461975812912,0.6592216491699219,-0.9195247292518616,0.4694163203239441,0.4617137908935547,-0.9933924674987792,0.3954725563526153,0.3108369708061218,-0.9764177799224854,0.3200501501560211,0.0347013846039772,-0.9722126722335817,0.6053429841995239,0.0265630483627319,-0.4055309295654297,0.4153232872486114,0.4992808103561401,-0.0113357082009315,0.4760608077049255,0.2821947336196899,0.3905690014362335,0.5744015574455261,0.1197754815220832,0.4426865875720978,0.7424551248550415,0.0715585350990295,-0.4634997546672821,0.4434764385223388,0.303917646408081,-0.0447080954909324,0.5042234063148499,0.1771913468837738,0.3703532814979553,0.5632877349853516,0.0539954639971256,0.4214720129966736,0.7391720414161682,0.0560067296028137,
1.4959965017094252,505,16.833333333333332,-0.4480599462985992,0.4130949974060058,0.4054721593856811,-0.4904404282569885,0.4109546840190887,0.4170088171958923,-0.5676348805427551,0.40506112575531,0.4359874725341797,-0.6475167870521545,0.3820586204528808,0.4402034282684326,-0.7234406471252441,0.3435081541538238,0.439488410949707,-0.8702777624130249,0.4526628255844116,0.4614816308021545,-0.9857579469680786,0.4796664118766784,0.4583747386932373,-1.0084218978881836,0.5278141498565674,0.4699973464012146,-1.0368582010269165,0.5727296471595764,0.4739833176136017,-0.9073082804679872,0.4902178645133972,0.4777204096317291,-0.9251113533973694,0.4893226027488708,0.6602959036827087,-0.7351504564285278,0.4107006192207336,0.8672510385513306,-0.5349738597869873,0.4037246406078338,0.6638361215591431,-0.919420599937439,0.4693804383277893,0.4611682593822479,-0.9921780824661256,0.3950470089912414,0.3105022311210632,-0.976334273815155,0.3203282356262207,0.0353691950440406,-0.9726731181144714,0.604042649269104,0.025719890370965,-0.4036853015422821,0.4139235913753509,0.5013645887374878,-0.0109690139070153,0.4739037156105041,0.2835020422935486,0.3886347115039825,0.5736411809921265,0.1202046647667884,0.4414098262786865,0.7405441999435425,0.0710044056177139,-0.4613595604896545,0.442151814699173,0.3074494302272796,-0.0447195097804069,0.5007628798484802,0.1777984052896499,0.3681668639183044,0.5617766976356506,0.0539133921265602,0.4199095666408539,0.7369886040687561,0.0557300969958305,
1.523196438104142,506,16.866666666666667,-0.4478466510772705,0.4112109839916229,0.4085395336151123,-0.490022748708725,0.4100812971591949,0.4198876619338989,-0.5670377016067505,0.4058168232440948,0.43864306807518,-0.6472071409225464,0.3831052482128143,0.4429022073745727,-0.7236560583114624,0.3444113135337829,0.4414315819740295,-0.8690987825393677,0.4552439153194427,0.4634191989898681,-0.9844684600830078,0.4809050261974334,0.4590590894222259,-1.0078685283660889,0.5285854935646057,0.4698259830474853,-1.0362778902053833,0.5731795430183411,0.4732004404067993,-0.9068971872329712,0.4918732643127441,0.4785749912261963,-0.9254342913627625,0.4890550374984741,0.6607204079627991,-0.737254798412323,0.4130014181137085,0.8687331676483154,-0.5357487797737122,0.4062802195549011,0.6683251261711121,-0.919532299041748,0.4692825376987457,0.4607047438621521,-0.9912487268447876,0.3943641781806946,0.3101165294647217,-0.976340651512146,0.3204571902751922,0.0357422605156898,-0.9731301069259644,0.6027501225471497,0.0248295739293098,-0.4020759165287018,0.4133818745613098,0.5030965209007263,-0.0102290417999029,0.4729550182819366,0.2855576872825622,0.3870233297348022,0.57387375831604,0.1208995431661605,0.4403592348098755,0.7398714423179626,0.071114957332611,-0.4595685005187988,0.4399717450141907,0.3105186820030212,-0.0445081889629364,0.4988803267478943,0.1794009357690811,0.3664574325084686,0.5614849328994751,0.0546421781182289,0.4188841581344604,0.7357727885246277,0.0553431883454322,
1.550396374498859,507,16.9,-0.4478185474872589,0.4109955728054046,0.4122869968414306,-0.4897761344909668,0.4094823002815246,0.4232634902000427,-0.5666987299919128,0.404836505651474,0.4415739774703979,-0.6471627354621887,0.3823863863945007,0.4456197619438171,-0.723207414150238,0.3418459594249725,0.4428257346153259,-0.8710963129997253,0.4511227011680603,0.4630744159221649,-0.9859278202056884,0.4799134135246277,0.4588475525379181,-1.007983684539795,0.5285624861717224,0.4700731933116913,-1.0370343923568726,0.5732052326202393,0.4734361171722412,-0.9066562652587892,0.4902812838554382,0.478666603565216,-0.9257277846336364,0.4909657835960388,0.661349892616272,-0.7384288907051086,0.4128277003765106,0.8709293007850647,-0.5349646210670471,0.4083370566368103,0.6706176996231079,-0.9189851880073548,0.4697450697422027,0.4624609053134918,-0.989482045173645,0.3952716886997223,0.3104441165924072,-0.97687828540802,0.3183963298797607,0.0355752222239971,-0.9730460047721864,0.6020506024360657,0.0242994204163551,-0.4025763869285583,0.4123421609401703,0.5076637268066406,-0.0104968957602977,0.4720653295516968,0.2876041829586029,0.387376070022583,0.5747780203819275,0.1211773082613945,0.4400174021720886,0.7414400577545166,0.0707440227270126,-0.4607360064983368,0.4407088756561279,0.3143887519836426,-0.044803999364376,0.4968234896659851,0.1813698709011078,0.3668787777423858,0.5590792298316956,0.0536449551582336,0.4182970523834228,0.7344736456871033,0.0549308434128761,
1.5775963108935758,508,16.933333333333334,-0.447876900434494,0.4095109105110168,0.4147297143936157,-0.4897816777229309,0.4087110459804535,0.4257048964500427,-0.5667328238487244,0.4050700068473816,0.4439531862735748,-0.6473724246025085,0.382637083530426,0.4478135406970978,-0.7239324450492859,0.3424674272537231,0.4445281624794006,-0.8697646856307983,0.45392906665802,0.4650014638900757,-0.9848785400390624,0.479977935552597,0.4592233002185821,-1.0079530477523804,0.528102457523346,0.4695693850517273,-1.037866234779358,0.5717147588729858,0.4722017347812652,-0.9060680866241456,0.4921286106109619,0.4796728789806366,-0.925813376903534,0.4902635812759399,0.6619238257408142,-0.7401496767997742,0.4148180782794952,0.8726178407669067,-0.5359030961990356,0.4102556109428406,0.6745009422302246,-0.9190053939819336,0.4695693850517273,0.4618053436279297,-0.9888187646865844,0.3939248323440552,0.3102616369724273,-0.97693932056427,0.3188206553459167,0.0358327105641365,-0.9728592038154602,0.6013943552970886,0.0245209336280822,-0.4014133512973785,0.4112133383750915,0.5090510249137878,-0.0100295264273881,0.4725069403648376,0.2897305786609649,0.3859687149524688,0.5740180015563965,0.1210470646619796,0.4392183423042297,0.7401151657104492,0.0706241279840469,-0.4595077037811279,0.438861608505249,0.316847562789917,-0.0449600480496883,0.4948979914188385,0.1827586144208908,0.364885926246643,0.5571103096008301,0.0533477254211902,0.4170950949192047,0.7318255305290222,0.0544253811240196,
1.6047962472882926,509,16.966666666666665,-0.4478712975978851,0.4083884358406067,0.4175326526165008,-0.4897295236587524,0.4082444012165069,0.4283965826034546,-0.5667487382888794,0.4054847657680511,0.4463643431663513,-0.6475107669830322,0.382819652557373,0.4497884809970855,-0.7243998050689697,0.3426835834980011,0.4460168778896332,-0.8685381412506104,0.4558569490909576,0.4664959609508514,-0.9837436676025392,0.4804834425449371,0.4594826698303222,-1.0073515176773071,0.5282993912696838,0.4692610204219818,-1.0370694398880005,0.571826696395874,0.4715516567230224,-0.905684232711792,0.4932010769844055,0.4804008901119232,-0.9259845614433287,0.4895371496677398,0.6623491048812866,-0.7414522171020508,0.4170876741409302,0.874004602432251,-0.5366106033325195,0.4113844633102417,0.6777359843254089,-0.9189652800559998,0.4691826403141022,0.4616381227970123,-0.9878302216529846,0.3933633267879486,0.3102914094924927,-0.9761875867843628,0.3199516236782074,0.0363507978618145,-0.973005712032318,0.6014741659164429,0.0244697611778974,-0.4004526138305664,0.4104261398315429,0.5109488368034363,-0.0100419092923402,0.4710006713867187,0.2910002470016479,0.384418785572052,0.573594868183136,0.1216493993997573,0.4382807612419128,0.7389963865280151,0.0707163363695144,-0.4584293663501739,0.4364714324474334,0.3193682432174682,-0.0451342537999153,0.4929718971252441,0.183935672044754,0.3632839620113373,0.5562750101089478,0.0537150688469409,0.4163611233234405,0.7302647829055786,0.0540689304471015,
1.6319961836830092,510,17.0,-0.4472353160381317,0.4095256924629211,0.4211986064910888,-0.4890340864658355,0.408315896987915,0.4314380288124084,-0.5661476254463196,0.4039399623870849,0.4485009312629699,-0.6471474170684814,0.3810711503028869,0.4513482749462127,-0.7232487201690674,0.33894944190979,0.4465715885162353,-0.8700194954872131,0.4497303962707519,0.4639890491962433,-0.9852014183998108,0.4781956374645233,0.4581960439682007,-1.007631540298462,0.5270293354988098,0.4686454236507416,-1.037832498550415,0.5709012150764465,0.470975786447525,-0.9085604548454284,0.4845640361309051,0.4798324108123779,-0.9256662130355836,0.4914227724075317,0.6613010764122009,-0.7421479225158691,0.4181696772575378,0.8761590123176575,-0.5355737209320068,0.412409245967865,0.6788761019706726,-0.9185104966163636,0.4672189652919769,0.4628008008003235,-0.9877269864082336,0.3925036191940307,0.3107112944126129,-0.9761293530464172,0.3182030916213989,0.035499308258295,-0.9728626012802124,0.601616621017456,0.0238219499588012,-0.4013874530792236,0.4100165367126465,0.5161029696464539,-0.0103486543521285,0.4700289368629455,0.2926735877990722,0.3856312334537506,0.5746958255767822,0.1216869726777076,0.4387747645378113,0.7413251996040344,0.0708076432347297,-0.4599915742874145,0.4376566112041473,0.3228453397750854,-0.0450790226459503,0.4920794665813446,0.1859537810087204,0.3648493587970733,0.5555209517478943,0.0530271343886852,0.4165815412998199,0.7310073971748352,0.0542483553290367,
1.659196120077726,511,17.033333333333335,-0.4468170702457428,0.4089686870574951,0.4237573146820068,-0.4886918365955353,0.4079851806163788,0.4337434470653534,-0.5658844113349915,0.4040634036064148,0.4503875076770782,-0.6469595432281494,0.3817141056060791,0.4532749950885772,-0.7233306765556335,0.3398728966712951,0.4481326341629028,-0.8682374358177185,0.4524620473384857,0.466075986623764,-0.9838632345199584,0.4786789715290069,0.4585117697715759,-1.00657856464386,0.5274875164031982,0.4685434103012085,-1.036851406097412,0.5711416602134705,0.4703816473484039,-0.9070062041282654,0.4876282811164856,0.4807694554328918,-0.9262348413467408,0.4898763298988342,0.6616284847259521,-0.743248462677002,0.4200092256069183,0.8770545125007629,-0.5357426404953003,0.4138344228267669,0.6819864511489868,-0.917472004890442,0.4691998660564422,0.4622506201267242,-0.9864458441734314,0.3921731114387512,0.3109751939773559,-0.9758775234222412,0.3190257549285888,0.0359684005379676,-0.9728062152862548,0.601496696472168,0.0237500835210084,-0.4001770615577698,0.4087822437286377,0.5178011655807495,-0.0099861491471529,0.4696391224861145,0.2941093146800995,0.3845503330230713,0.57393479347229,0.1215990558266639,0.4380719363689422,0.740109384059906,0.0706178694963455,-0.4585144817829132,0.435695469379425,0.3251176178455353,-0.0447654798626899,0.4908522963523865,0.1869116574525833,0.3639340102672577,0.5563579797744751,0.0539773665368557,0.4161784052848816,0.731150209903717,0.0541550703346729,
1.686396056472443,512,17.066666666666666,-0.4467351138591766,0.4082244634628296,0.4260364472866058,-0.4886179864406585,0.4075763523578644,0.4358853995800018,-0.5658600926399231,0.4040671586990356,0.4522482752799988,-0.6469088792800903,0.3815761804580688,0.4549117088317871,-0.723598062992096,0.3401868045330047,0.4495976269245147,-0.8665473461151123,0.4544745981693268,0.4679852128028869,-0.9824267625808716,0.4789416491985321,0.4585886597633362,-1.0058730840682983,0.5273282527923584,0.4679297208786011,-1.0362499952316284,0.5706242918968201,0.4691825807094574,-0.905951976776123,0.4893306195735931,0.4814735352993011,-0.9262539744377136,0.4890088438987732,0.6620942950248718,-0.7441251277923584,0.4223808348178863,0.8780555725097656,-0.5361598134040833,0.4156923592090606,0.6849070191383362,-0.916390299797058,0.4707074761390686,0.4621402323246002,-0.9851130247116088,0.3921420872211456,0.3117856681346893,-0.975235641002655,0.3205375671386719,0.0372763648629188,-0.9729364514350892,0.6015562415122986,0.0235166177153587,-0.3989189565181732,0.4081060886383056,0.5189522504806519,-0.0097909308969974,0.4681436717510223,0.2948699295520782,0.3831470012664795,0.5735456943511963,0.1221373230218887,0.437408983707428,0.7388668060302734,0.0707338973879814,-0.4569922089576721,0.4340550303459167,0.3273176550865173,-0.0446994379162788,0.4890072345733642,0.1876495778560638,0.3624909520149231,0.5560430288314819,0.054711177945137,0.4155848920345306,0.7300234436988831,0.0542599782347679,
1.7135959928671598,513,17.1,-0.4467921257019043,0.408084899187088,0.4284720420837402,-0.4885571002960205,0.4065006971359253,0.4378448724746704,-0.5658721923828125,0.4015166461467743,0.4536024630069732,-0.6471638679504395,0.3784230351448059,0.455637663602829,-0.7230547070503235,0.3347324132919311,0.4492194652557373,-0.8701310753822327,0.4460584819316864,0.4648945033550262,-0.9832712411880492,0.4778546392917633,0.4577254354953766,-1.005665898323059,0.5272563695907593,0.4675645530223846,-1.036227464675903,0.5711826086044312,0.4686278104782104,-0.9076160192489624,0.4815993010997772,0.4810128808021545,-0.9260751008987428,0.4912200570106506,0.6615641117095947,-0.7440696954727173,0.423352986574173,0.8804259300231934,-0.5350244045257568,0.416471928358078,0.6849310994148254,-0.9152640104293824,0.4678140878677368,0.4637595117092132,-0.9847501516342164,0.3924979865550995,0.3120309114456177,-0.9757264256477356,0.3180636167526245,0.0363164767622947,-0.9727068543434144,0.6016082763671875,0.022722627967596,-0.4005762636661529,0.4085306227207184,0.5232565402984619,-0.0098626967519521,0.469667375087738,0.2974260747432709,0.3850506544113159,0.5745154619216919,0.121680699288845,0.4375777244567871,0.7415373921394348,0.0703775957226753,-0.4589797556400299,0.4353741407394409,0.3299142122268677,-0.0445365719497203,0.4899284243583679,0.1899647563695907,0.3647127151489258,0.5551148653030396,0.053738597780466,0.4158773422241211,0.730887234210968,0.0541939884424209,
1.7407959292618767,514,17.133333333333333,-0.4468141794204712,0.4062185287475586,0.4296826124191284,-0.4885249733924866,0.4055069983005523,0.4391685128211975,-0.5657517910003662,0.4018304049968719,0.4550318717956543,-0.6469787955284119,0.3788269162178039,0.4570550620555877,-0.7232745885848999,0.3359135091304779,0.4506473243236542,-0.868806004524231,0.448756605386734,0.4664362072944641,-0.9820928573608398,0.4783360362052917,0.4582804143428802,-1.0048857927322388,0.5274425148963928,0.4675323069095611,-1.0354044437408447,0.5710604190826416,0.4681716859340668,-0.9064015746116638,0.4842830002307892,0.4820736944675445,-0.9259389638900756,0.4901201725006103,0.662302553653717,-0.7445517778396606,0.4252570271492004,0.8811978101730347,-0.5352002382278442,0.4178351163864136,0.6876766681671143,-0.915665090084076,0.4670159816741943,0.4629524946212768,-0.9844571948051452,0.3910941183567047,0.3113942742347717,-0.9762171506881714,0.3182154297828674,0.0362567603588104,-0.9733572602272034,0.6004177331924438,0.0220314599573612,-0.3994678258895874,0.408158004283905,0.5233551859855652,-0.0095044011250138,0.4687533378601074,0.2981173396110534,0.3837029635906219,0.57378089427948,0.1218728423118591,0.4368226230144501,0.7399858236312866,0.0702198967337608,-0.4576309025287628,0.4331885874271393,0.3311249315738678,-0.0443962663412094,0.4880918264389038,0.1905735582113266,0.3632408678531647,0.5547695159912109,0.054229337722063,0.4152295887470245,0.7297722101211548,0.0540463030338287,
1.7679958656565935,515,17.166666666666668,-0.4468111991882324,0.404774397611618,0.4305304586887359,-0.4886825680732727,0.404394268989563,0.4400739669799804,-0.5661267042160034,0.4011569619178772,0.4559424817562103,-0.647513747215271,0.3780045211315155,0.4577938914299011,-0.7243887782096863,0.335466206073761,0.4512529373168945,-0.8668203949928284,0.4514829814434051,0.4677328169345855,-0.9810563325881958,0.4783934950828552,0.4581780135631561,-1.0041756629943848,0.5274099707603455,0.4670217931270599,-1.0346801280975342,0.5708639025688171,0.4672264456748962,-0.9052844643592834,0.4865654408931732,0.4826039969921112,-0.9262629747390748,0.4885684549808502,0.6626824140548706,-0.7450315356254578,0.4271804094314575,0.8820681571960449,-0.5351788401603699,0.4193462431430816,0.6898552179336548,-0.9149282574653624,0.4684916734695434,0.4627215266227722,-0.9834054112434388,0.3909107446670532,0.3116179406642914,-0.9762656092643738,0.3192093968391418,0.0364586114883422,-0.9728357791900636,0.6008376479148865,0.0226971581578254,-0.3989490866661072,0.4074907898902893,0.5237225890159607,-0.0094107780605554,0.4671443998813629,0.2981614172458648,0.3829054236412048,0.5734049081802368,0.1219427213072776,0.4365446865558624,0.7391973733901978,0.0701929777860641,-0.4570595324039459,0.4307238161563873,0.3317264914512634,-0.0444400869309902,0.4855287969112396,0.1903973072767257,0.3622905910015106,0.5546919703483582,0.0543651357293129,0.414758950471878,0.7292876839637756,0.0539314672350883,
1.7951958020513104,516,17.2,-0.4461285471916199,0.4044180512428283,0.4316684305667877,-0.4880358576774597,0.4034122824668884,0.4409434795379638,-0.5657286047935486,0.3992195129394531,0.45639568567276,-0.6473634243011475,0.3755183517932892,0.4578351378440857,-0.7240548133850098,0.331584095954895,0.4505330920219421,-0.868525505065918,0.4468967616558075,0.4666222333908081,-0.9821671843528748,0.4776704311370849,0.4581272006034851,-1.0040831565856934,0.527451753616333,0.4678220748901367,-1.0346709489822388,0.5713620185852051,0.4686576128005981,-0.9052779674530028,0.4844376444816589,0.4821797013282776,-0.9260420799255372,0.4908287227153778,0.6631582975387573,-0.7450306415557861,0.4261231124401092,0.8836332559585571,-0.5339600443840027,0.4205547571182251,0.6900767087936401,-0.9145324230194092,0.4681318998336792,0.4642530977725982,-0.9826480746269226,0.3909411132335663,0.3122489750385284,-0.9754486680030824,0.319053053855896,0.0356264375150203,-0.9733189344406128,0.6022635698318481,0.0218705367296934,-0.399329125881195,0.4075088500976562,0.5262560248374939,-0.0091844769194722,0.4670865833759308,0.2985917925834656,0.3846411406993866,0.5736814141273499,0.1209010109305381,0.4369294643402099,0.7411255836486816,0.0702827647328376,-0.4584676027297973,0.4299088418483734,0.3324177861213684,-0.0439041703939437,0.4851635694503784,0.191723421216011,0.364332377910614,0.5532147884368896,0.0530288517475128,0.4150775074958801,0.7294392585754395,0.0543482899665832,
1.8223957384460272,517,17.233333333333334,-0.4466103315353393,0.4019264280796051,0.4314888715744018,-0.4886192381381988,0.4011561870574951,0.4408623874187469,-0.5663214921951294,0.3974245190620422,0.4564546346664428,-0.6480242609977722,0.3743027448654175,0.458156406879425,-0.7252348065376282,0.3311904668807983,0.4508837163448334,-0.8672749400138855,0.4488624036312103,0.4680181741714477,-0.9812981486320496,0.477510929107666,0.4588016867637634,-1.004349946975708,0.5264939665794373,0.4678902328014374,-1.0354163646697998,0.5696538686752319,0.4685129821300506,-0.9053086638450624,0.4848373532295227,0.4826400876045227,-0.925778865814209,0.4901889562606811,0.663604736328125,-0.7456732988357544,0.427173763513565,0.8840185403823853,-0.5348189473152161,0.4207490086555481,0.6918045282363892,-0.9148563146591188,0.46773362159729,0.4637012779712677,-0.9823218584060668,0.3902918994426727,0.3120438754558563,-0.9752089977264404,0.32012939453125,0.0360960215330123,-0.9732427597045898,0.6021531820297241,0.0221666321158409,-0.3983272314071655,0.4057840704917907,0.5248435735702515,-0.0086638201028108,0.4659820795059204,0.2985309660434723,0.3836968541145324,0.5738334059715271,0.1215836554765701,0.4368678629398346,0.7398525476455688,0.0698455199599266,-0.4567877650260925,0.4285528659820556,0.3328083455562591,-0.0435318499803543,0.4832876622676849,0.1913852840662002,0.3631511926651001,0.5536496043205261,0.0534821823239326,0.4146199822425842,0.7290191650390625,0.0544393993914127,
1.849595674840744,518,17.266666666666666,-0.4466215372085571,0.400791198015213,0.4320700168609619,-0.4888461232185364,0.4001287519931793,0.4413802921772003,-0.5667871236801147,0.3965226411819458,0.4567891955375671,-0.6485863924026489,0.3734842538833618,0.4584577977657318,-0.7261558175086975,0.330941766500473,0.4511609971523285,-0.8664430975914001,0.4501200020313263,0.4687516391277313,-0.980704128742218,0.4774127602577209,0.4590344130992889,-1.004014015197754,0.5261229276657104,0.4678357541561126,-1.0351086854934692,0.5689115524291992,0.4682279825210571,-0.904676616191864,0.485918253660202,0.4833636283874511,-0.9259161949157716,0.4891176521778106,0.6640767455101013,-0.7459654808044434,0.4286989867687225,0.8842728137969971,-0.5349568128585815,0.4218999743461609,0.6935585737228394,-0.9153218269348145,0.4676808416843414,0.463026612997055,-0.9820584058761596,0.3894746899604797,0.3116459250450134,-0.9750839471817015,0.3207430243492126,0.0361221320927143,-0.973578155040741,0.6017377972602844,0.0222425162792205,-0.3974684476852417,0.4041576981544494,0.5245574712753296,-0.0086486432701349,0.4642612636089325,0.2982150912284851,0.3824424147605896,0.572634220123291,0.1211856454610824,0.4362551569938659,0.7383942008018494,0.0701296553015708,-0.4559386670589447,0.4260660111904144,0.3330829441547394,-0.043778970837593,0.4818638265132904,0.1909771412611007,0.3618852496147156,0.5538014769554138,0.0539471767842769,0.414042055606842,0.7286658883094788,0.0549617074429988,
1.8767956112354607,519,17.3,-0.4458418786525726,0.4010957181453705,0.4328792989253998,-0.4882632493972778,0.399614930152893,0.4420607984066009,-0.5665586590766907,0.3947131335735321,0.4572125375270843,-0.64844810962677,0.3711366951465606,0.4584888517856598,-0.7256169319152832,0.3273939788341522,0.4507929384708404,-0.8681899905204773,0.4453752040863037,0.4673094451427459,-0.9821839332580566,0.4763998389244079,0.4587320685386657,-1.0039188861846924,0.5261186361312866,0.4683919250965118,-1.034621000289917,0.5698243379592896,0.4694307446479797,-0.905285656452179,0.4826350808143616,0.4829518496990204,-0.9255781173706056,0.4921033978462219,0.6643416285514832,-0.7455466985702515,0.4271901547908783,0.8855974078178406,-0.5336610078811646,0.4223156571388244,0.6926146745681763,-0.9139505624771118,0.4677262604236603,0.4646385014057159,-0.9812784790992736,0.3903436660766601,0.3120996356010437,-0.9749508500099182,0.3189315497875213,0.035227496176958,-0.9738315343856812,0.6020535826683044,0.021063195541501,-0.3984136283397674,0.4049228727817535,0.527253270149231,-0.0083330534398555,0.4641515612602234,0.2986032366752624,0.3848257958889007,0.5729730129241943,0.1199308931827545,0.4369010031223297,0.7410450577735901,0.0709959343075752,-0.4577310085296631,0.4274604916572571,0.3339671492576599,-0.0433889366686344,0.4815540313720703,0.1917130947113037,0.3643261194229126,0.5530000925064087,0.052469678223133,0.4145589172840118,0.7296571135520935,0.0552863404154777,
1.9039955476301775,520,17.333333333333332,-0.4456117749214172,0.4002746641635895,0.4329916834831238,-0.4883656501770019,0.3987429440021515,0.4421319365501404,-0.5669081807136536,0.3938379883766174,0.4571824967861175,-0.6487893462181091,0.3706372380256653,0.4586510360240936,-0.7263184785842896,0.3276374340057373,0.4512260258197784,-0.8671202659606934,0.4475120007991791,0.4681964516639709,-0.9818986058235168,0.4751553237438202,0.458584725856781,-1.004369020462036,0.5245810151100159,0.4678850471973419,-1.0358092784881592,0.5674645900726318,0.4683315455913543,-0.9048192501068116,0.4842437207698822,0.4833299815654754,-0.9260646104812622,0.4899155497550964,0.6645126938819885,-0.7460401058197021,0.426906943321228,0.8857129216194153,-0.5344058275222778,0.4214142858982086,0.693198561668396,-0.914570689201355,0.4671620428562164,0.4641663730144501,-0.9816133379936218,0.3891885578632355,0.3120135962963104,-0.9749181270599364,0.319499671459198,0.0353027507662773,-0.9738427400588988,0.6020733714103699,0.0215320009738206,-0.3976581692695617,0.4041175246238708,0.5269051790237427,-0.007913239300251,0.463884025812149,0.2987310886383056,0.3845236897468567,0.572096586227417,0.1196773573756218,0.436851441860199,0.7398459911346436,0.0707637518644332,-0.4569895565509796,0.4262441992759704,0.333971232175827,-0.0432533957064151,0.4806953072547912,0.191325843334198,0.3638699352741241,0.5527449250221252,0.0524292476475238,0.4144955575466156,0.7290751934051514,0.055249910801649,
1.9311954840248944,521,17.366666666666667,-0.4462393224239349,0.398745596408844,0.4328468441963196,-0.4890844523906708,0.3973836600780487,0.442033588886261,-0.5676589012145996,0.3927973210811615,0.4571506083011627,-0.6496549844741821,0.3699736297130584,0.4587157666683197,-0.7275840640068054,0.3273491263389587,0.4513553977012634,-0.8659698963165283,0.4494450986385345,0.4690525233745575,-0.9809903502464294,0.4753181040287018,0.4588579833507538,-1.003843903541565,0.5244641900062561,0.4676454365253448,-1.034783124923706,0.5674219131469727,0.4678963720798492,-0.9043921828269958,0.4851622581481933,0.4838819205760956,-0.926007091999054,0.4888281524181366,0.6648749113082886,-0.7462947368621826,0.4277785718441009,0.885841965675354,-0.5347564220428467,0.4217746257781982,0.6944698691368103,-0.9149669408798218,0.4660560190677643,0.4634725451469421,-0.9818798303604126,0.3880830109119415,0.3115759789943695,-0.9748964905738832,0.3200097978115082,0.0353481359779834,-0.9740362167358398,0.6016390919685364,0.0220242533832788,-0.3972430527210235,0.4034241139888763,0.5258392691612244,-0.0078915813937783,0.4625718295574188,0.2984019219875335,0.3833969831466675,0.5714402198791504,0.1196890771389007,0.4364563524723053,0.7386216521263123,0.070843830704689,-0.4561980664730072,0.4254306554794311,0.3341672122478485,-0.0437339507043361,0.4789480566978454,0.190224602818489,0.3623518943786621,0.5514097213745117,0.0518341585993766,0.4136450886726379,0.7272517681121826,0.0548192709684371,
1.9583954204196112,522,17.4,-0.4461400508880615,0.3995340168476105,0.4333758056163788,-0.4889855980873108,0.3969591557979584,0.4423370361328125,-0.567730188369751,0.390340507030487,0.4571040570735931,-0.6499124765396118,0.3667136132717132,0.4581072330474853,-0.7272802591323853,0.3222748339176178,0.4500983357429504,-0.8685674667358398,0.4431103467941284,0.4668861925601959,-0.9822146892547609,0.4743183255195617,0.4582366943359375,-1.0036791563034058,0.5243597030639648,0.4679323434829712,-1.0341269969940186,0.5683532953262329,0.4687962830066681,-0.90455824136734,0.4811607599258423,0.4827941954135895,-0.9259595274925232,0.4907929599285126,0.6646939516067505,-0.7454966902732849,0.4262692034244537,0.8870350122451782,-0.5332208275794983,0.4215390086174011,0.6928452253341675,-0.9142535328865052,0.4647360146045685,0.4649522006511688,-0.982284426689148,0.3876697719097137,0.3120802938938141,-0.9747397899627686,0.3189224600791931,0.0337697714567184,-0.9740889072418212,0.6030747294425964,0.0215683914721012,-0.3986711502075195,0.4039223194122314,0.5283234119415283,-0.0080125201493501,0.4630585014820099,0.2985948324203491,0.3859774172306061,0.5719763040542603,0.1187459230422973,0.4378485083580017,0.7407870292663574,0.0702290683984756,-0.458168089389801,0.4283902049064636,0.3351456820964813,-0.0431498847901821,0.4809187650680542,0.1917025744915008,0.3653103411197662,0.551227331161499,0.0505018197000026,0.4148218333721161,0.7287753224372864,0.054665595293045,
1.985595356814328,523,17.433333333333334,-0.4463507831096649,0.3988560140132904,0.4334435760974884,-0.4894189238548279,0.3963693082332611,0.4423877000808716,-0.5683307647705078,0.3899155259132385,0.4571428000926971,-0.6505477428436279,0.3664435446262359,0.4583949446678161,-0.7282739877700806,0.3223340511322021,0.4506525993347168,-0.8671627640724182,0.4454941153526306,0.4681605398654938,-0.9813848733901978,0.4742523729801178,0.4589089453220367,-1.0030943155288696,0.5242121815681458,0.4683047831058502,-1.0331145524978638,0.5683383941650391,0.469292402267456,-0.90355384349823,0.4833018183708191,0.4838058650493622,-0.9264619946479796,0.488896757364273,0.6652446985244751,-0.7455920577049255,0.4261423945426941,0.8870381712913513,-0.5337360501289368,0.4203464388847351,0.6932397484779358,-0.914613962173462,0.4640823602676391,0.4645949304103851,-0.9823392629623412,0.3870688378810882,0.3117650747299194,-0.975022315979004,0.318489134311676,0.0339287631213665,-0.9740546941757202,0.6021665334701538,0.0220674015581607,-0.3982709050178528,0.4029660522937774,0.5278275609016418,-0.0081411181017756,0.4625362753868103,0.2983371019363403,0.3852476477622986,0.5714953541755676,0.1188580244779586,0.4377708733081817,0.7396312355995178,0.0698960199952125,-0.4577456414699554,0.4270270466804504,0.3350522518157959,-0.0435475297272205,0.4800367057323456,0.191154271364212,0.3642146289348602,0.5505962371826172,0.0501325763761997,0.4143370389938354,0.7276637554168701,0.0542762465775013,
2.0127952932090447,524,17.466666666666665,-0.4464477300643921,0.3984750509262085,0.4336694478988647,-0.4894032478332519,0.3963127434253692,0.4426536560058594,-0.5677708387374878,0.3905031085014343,0.4575287103652954,-0.6491299867630005,0.3682087957859039,0.459282785654068,-0.7266692519187927,0.3275112509727478,0.4528305828571319,-0.8666337728500366,0.447027176618576,0.46883225440979,-0.9796075820922852,0.4761196076869964,0.4600026607513428,-1.00292706489563,0.5241843461990356,0.4682321846485138,-1.032224178314209,0.5680482983589172,0.4690673649311065,-0.9031501412391664,0.4838264584541321,0.4852942228317261,-0.9258722066879272,0.4872598052024841,0.6657453179359436,-0.7465471625328064,0.4255218803882599,0.885919988155365,-0.5354263782501221,0.4200257956981659,0.6950914263725281,-0.915272057056427,0.4622069597244262,0.4632143974304199,-0.9823055267333984,0.3856054842472076,0.3108614683151245,-0.9755463600158693,0.3187932968139648,0.0350021123886108,-0.9741129279136658,0.5999216437339783,0.0226413309574127,-0.3963246643543243,0.4037103354930877,0.5257050395011902,-0.0078239766880869,0.462350845336914,0.2983482182025909,0.3825895488262176,0.5703927874565125,0.119606576859951,0.4368523061275482,0.7364459037780762,0.070071630179882,-0.4550522267818451,0.4269775450229645,0.3357447981834411,-0.043668694794178,0.4801587462425232,0.1910660564899444,0.3612152338027954,0.5500749349594116,0.0508660301566123,0.4130400717258453,0.7253243923187256,0.0543568097054958,
2.0399952296037616,525,17.5,-0.4459998309612274,0.3992014825344085,0.4341413378715515,-0.489290714263916,0.3949741125106811,0.4424061477184295,-0.56813645362854,0.3858397901058197,0.4561537504196167,-0.6501749753952026,0.3625060021877289,0.4574516713619232,-0.7273802161216736,0.318881094455719,0.4500738978385925,-0.8687199950218201,0.440327525138855,0.4666114747524261,-0.98084557056427,0.4748493134975433,0.4591175615787506,-1.0026626586914062,0.5240942239761353,0.4684709906578064,-1.0317070484161377,0.569072425365448,0.4696213901042938,-0.9036015272140504,0.4790470004081726,0.483564019203186,-0.9264110922813416,0.4890237748622894,0.665362536907196,-0.7453420162200928,0.4236081838607788,0.8876413106918335,-0.5327773690223694,0.4208202064037323,0.6929238438606262,-0.9132640361785888,0.4613327980041504,0.4654074311256408,-0.9828039407730104,0.3852869868278503,0.3124977350234985,-0.9748579263687134,0.318097323179245,0.0334310010075569,-0.9740002155303956,0.6029056310653687,0.0220133066177368,-0.3987429440021515,0.4044257402420044,0.5292812585830688,-0.007935787551105,0.464180052280426,0.2990457117557525,0.386531114578247,0.5712628960609436,0.1177423372864723,0.438259482383728,0.7405112981796265,0.0703378468751907,-0.4584963321685791,0.4291900098323822,0.3362379968166351,-0.0430480279028415,0.4830371141433716,0.1931727975606918,0.3655160367488861,0.5498107671737671,0.0489867031574249,0.4143734276294708,0.7280012965202332,0.0554625615477561,
2.0671951659984784,526,17.533333333333335,-0.4457595944404602,0.3986059129238128,0.4340088665485382,-0.4890835881233215,0.3950949609279632,0.4424973726272583,-0.5680006146430969,0.3868453502655029,0.4565842747688293,-0.6500012874603271,0.3632964491844177,0.4579132199287414,-0.7276031970977783,0.320565789937973,0.4511516690254211,-0.86751788854599,0.4428324103355407,0.4676171243190765,-0.980000138282776,0.4748896062374115,0.4597692489624023,-1.0036406517028809,0.5225498080253601,0.4681352376937866,-1.0333316326141355,0.5665220022201538,0.468891978263855,-0.9034955501556396,0.4799098968505859,0.4843935668468475,-0.926109254360199,0.487313449382782,0.6658032536506653,-0.7454896569252014,0.4234203100204468,0.8871474266052246,-0.5336055159568787,0.4198217093944549,0.6936926245689392,-0.9138556718826294,0.4601589739322662,0.4644641876220703,-0.9831259250640868,0.3840612173080444,0.3120122849941253,-0.9753170609474182,0.3184252679347992,0.0339324176311492,-0.9738274812698364,0.6018509864807129,0.0224732011556625,-0.3978249430656433,0.4053216278553009,0.5281311869621277,-0.0080314381048083,0.4635349214076996,0.2987797260284424,0.38506680727005,0.5702043771743774,0.1185176894068718,0.4378927052021026,0.7384783029556274,0.0709354132413864,-0.4570043683052063,0.4285807013511657,0.3363001942634582,-0.0432832762598991,0.4833644032478332,0.1930714249610901,0.3636262714862823,0.5486181378364563,0.048764232546091,0.4134455919265747,0.7260326743125916,0.05542728677392,
2.0943951023931953,527,17.566666666666666,-0.4457936882972717,0.3978897631168365,0.4335396885871887,-0.4891108572483063,0.3946489989757538,0.4421512484550476,-0.5677326321601868,0.3869143426418304,0.4565001428127289,-0.6491818428039551,0.3641965389251709,0.4583756327629089,-0.7267870903015137,0.3237791955471039,0.4525260329246521,-0.8670905232429504,0.4438213109970093,0.4681414365768432,-0.9789838790893556,0.4754020571708679,0.4606427252292633,-1.0045253038406372,0.5209186673164368,0.4677543044090271,-1.0345159769058228,0.5639901757240295,0.4681670665740967,-0.9032168984413148,0.4802359342575073,0.4854117035865783,-0.9258703589439392,0.4851115345954895,0.6659455895423889,-0.7462283968925476,0.4228759407997131,0.8858562707901001,-0.5349222421646118,0.4192323386669159,0.6949257254600525,-0.914747416973114,0.4578248858451843,0.4632920026779175,-0.9832237362861632,0.3828510642051697,0.3109949827194214,-0.9757577776908876,0.3187074959278106,0.0346018336713314,-0.9739919900894164,0.5999510884284973,0.0227506030350923,-0.3964126110076904,0.4047204852104187,0.5259779691696167,-0.0080083571374416,0.4619283974170685,0.2982783615589142,0.3826439380645752,0.5676406025886536,0.118585355579853,0.4371585249900818,0.734331488609314,0.070854976773262,-0.4548125267028808,0.428074836730957,0.3362575173377991,-0.0435857996344566,0.4822050333023071,0.1921862959861755,0.3609582781791687,0.5475053787231445,0.0491748563945293,0.4122759401798248,0.7234542965888977,0.0552486963570117,
2.121595038787912,528,17.6,-0.4448018670082092,0.3989104032516479,0.4332178831100464,-0.487939715385437,0.3951470255851745,0.4418737292289734,-0.5666345953941345,0.3866656422615051,0.4564420580863952,-0.6487215161323547,0.3636298477649688,0.4581731259822845,-0.7256938815116882,0.3202784955501556,0.4511981606483459,-0.8685024976730347,0.4396071135997772,0.4666556417942047,-0.980806529521942,0.4737074375152588,0.4600540995597839,-1.0044952630996704,0.5207045674324036,0.4682687222957611,-1.0348652601242063,0.5643148422241211,0.469206839799881,-0.902765154838562,0.4787852764129638,0.4842287600040436,-0.9260588884353638,0.486500084400177,0.6660730242729187,-0.7446770071983337,0.4220425188541412,0.8869035840034485,-0.5326443910598755,0.4190922975540161,0.6931782960891724,-0.9142376780509948,0.4581368565559387,0.4648997187614441,-0.9830309152603148,0.3828674852848053,0.3120867311954498,-0.9748557209968568,0.3187179863452911,0.0336362980306148,-0.9741809368133544,0.6023743152618408,0.0225387476384639,-0.397168219089508,0.4034787118434906,0.5276278257369995,-0.0073822392150759,0.4624866843223572,0.2980253100395202,0.3858613073825836,0.5700562596321106,0.1178765892982482,0.4381423592567444,0.7389630675315857,0.0715660154819488,-0.4569783210754394,0.427507072687149,0.3351576924324035,-0.0428336821496486,0.4817279875278473,0.1924171298742294,0.3642729520797729,0.5492098927497864,0.0486527234315872,0.4133757650852203,0.726995587348938,0.0560394078493118,
2.148794975182629,529,17.633333333333333,-0.4442226588726043,0.3978859186172485,0.4323712587356567,-0.4871557950973511,0.3947590291500091,0.4413805902004242,-0.565645694732666,0.3874891102313995,0.4566031694412231,-0.6479986310005188,0.365229845046997,0.4588120281696319,-0.7249807715415955,0.3211532235145569,0.4514541923999786,-0.8676231503486633,0.4407842755317688,0.4676642715930938,-0.9807693958282472,0.4729637503623962,0.4605155289173126,-1.0039708614349363,0.5205953121185303,0.4687559604644775,-1.0338953733444214,0.564566969871521,0.4699302017688751,-0.9018017053604126,0.4805098474025726,0.4847441613674164,-0.9266403913497924,0.4843027889728546,0.6661801338195801,-0.7447435259819031,0.4208812117576599,0.8866778016090393,-0.5331022143363953,0.4167952835559845,0.6926697492599487,-0.9149747490882874,0.4577155709266662,0.4642840921878814,-0.9835126996040344,0.3816389739513397,0.3118378221988678,-0.9747633934020996,0.3188481330871582,0.0332738496363163,-0.974435567855835,0.6022765040397644,0.0223212167620658,-0.3968085050582886,0.4014611542224884,0.5268528461456299,-0.0071604121476411,0.4621751606464386,0.297757089138031,0.3859005272388458,0.5696656107902527,0.1175200417637825,0.4380167424678802,0.738625168800354,0.0712568163871765,-0.4563292860984802,0.4271880090236664,0.3345238864421844,-0.0425364263355731,0.4809649288654327,0.1916625052690506,0.3643054366111755,0.5493176579475403,0.0483695343136787,0.4134622514247894,0.7270212769508362,0.0557702034711837,
2.175994911577346,530,17.666666666666668,-0.4436825513839721,0.3984436690807342,0.432450383901596,-0.4863535761833191,0.3959652185440063,0.4416663646697998,-0.5642769932746887,0.3899341523647308,0.4572624564170837,-0.6461626887321472,0.3687451481819153,0.4599978327751159,-0.7229622602462769,0.3257417678833008,0.4528661370277405,-0.8670707941055298,0.441783994436264,0.4684109389781952,-0.9799561500549316,0.4733860790729522,0.4612181484699249,-1.0035442113876345,0.5206783413887024,0.4690721929073334,-1.033184051513672,0.5643994808197021,0.470256507396698,-0.901616394519806,0.4810097813606262,0.4858218729496002,-0.9257929921150208,0.4832854270935058,0.666708767414093,-0.7447795867919922,0.4208145141601562,0.8860071301460266,-0.534065306186676,0.4163191616535187,0.6935763359069824,-0.915429711341858,0.4577152729034424,0.4632951319217682,-0.983434557914734,0.3811860382556915,0.3116624355316162,-0.9737794399261476,0.320493072271347,0.0344232507050037,-0.9738047122955322,0.6020559072494507,0.0231445636600255,-0.3950077295303345,0.401018738746643,0.5254506468772888,-0.0066942945122718,0.4621175527572632,0.2980495691299438,0.3842045664787292,0.5684345364570618,0.1180005148053169,0.4372699558734894,0.7362393736839294,0.0715209245681762,-0.4542817771434784,0.4261791110038757,0.3343662023544311,-0.042637925595045,0.4808030128479004,0.1908851712942123,0.3623460531234741,0.5492204427719116,0.0488971509039402,0.4127865433692932,0.7255802154541016,0.0555071607232093,
2.2031948479720627,531,17.7,-0.4428017735481262,0.399013340473175,0.4325650632381439,-0.4855798780918121,0.3963009715080261,0.4418161809444427,-0.5638927221298218,0.3896502554416656,0.4573465287685394,-0.645566463470459,0.3669854998588562,0.4593492746353149,-0.7219473719596863,0.3229826688766479,0.4520546197891235,-0.8694894909858704,0.4362148344516754,0.466355949640274,-0.9809940457344056,0.4724152684211731,0.4608107507228851,-1.0035574436187744,0.5206141471862793,0.4695739150047302,-1.0329277515411377,0.5651500225067139,0.4713155031204223,-0.9020934104919434,0.4772431552410126,0.4845945835113525,-0.925180196762085,0.4856214523315429,0.6663098931312561,-0.7439698576927185,0.4191089868545532,0.8867342472076416,-0.5321805477142334,0.4175634682178497,0.6923601031303406,-0.9138269424438475,0.4575162827968597,0.4651327133178711,-0.9827297925949096,0.3827614188194275,0.3126072287559509,-0.9734395742416382,0.3188643455505371,0.03426144272089,-0.9743799567222596,0.6025003790855408,0.0220672097057104,-0.3956315815448761,0.4016884863376617,0.5273085236549377,-0.0058817565441131,0.4648467004299164,0.2990770637989044,0.387210488319397,0.5712384581565857,0.1178213879466056,0.4387402534484863,0.7407394051551819,0.0720968395471572,-0.4552412629127502,0.4281889498233795,0.3345870077610016,-0.0411453321576118,0.484928160905838,0.1930685341358184,0.3660984635353088,0.553379476070404,0.049748595803976,0.4147065281867981,0.7312262058258057,0.0570628494024276,
2.2303947843667795,532,17.733333333333334,-0.4419326484203338,0.39889657497406,0.4322696328163147,-0.4846588969230652,0.3966549038887024,0.441718190908432,-0.5627644658088684,0.3908429145812988,0.4575542509555816,-0.6440527439117432,0.3688254356384277,0.4599226713180542,-0.7204293012619019,0.3262946903705597,0.4533000886440277,-0.8689495325088501,0.4373536109924316,0.4671565890312195,-0.981223165988922,0.4709057211875915,0.4606586098670959,-1.00412118434906,0.5190809369087219,0.4694711863994598,-1.0338884592056274,0.5631965398788452,0.4711465835571289,-0.9013878703117372,0.4782173037528991,0.4862058758735657,-0.9258289933204652,0.4839242696762085,0.6672413349151611,-0.7439646124839783,0.4189856052398681,0.8864216804504395,-0.5332250595092773,0.4152151942253113,0.6922355890274048,-0.914607048034668,0.4577339887619018,0.4646178781986236,-0.9825467467308044,0.3826246857643127,0.3120894432067871,-0.9740891456604004,0.3183927834033966,0.0344023592770099,-0.9741830825805664,0.6012297868728638,0.0222541466355323,-0.3946678042411804,0.4008457660675049,0.5265427827835083,-0.0057985712774097,0.4639791548252105,0.2982781231403351,0.3864932954311371,0.5708670616149902,0.1179170683026313,0.4384841620922088,0.7398653030395508,0.0721324980258941,-0.4542819261550903,0.4269216060638428,0.334021121263504,-0.0411639660596847,0.4847508370876312,0.1923711448907852,0.365294337272644,0.5540141463279724,0.0502668172121048,0.4145740866661072,0.7311722636222839,0.0568346492946147,
2.2575947207614964,533,17.766666666666666,-0.4425011873245239,0.3977715969085693,0.4316976368427276,-0.4850515723228454,0.3961810171604156,0.4413863122463226,-0.5627195835113525,0.3914232850074768,0.4575462639331817,-0.643413782119751,0.3698338866233825,0.4601228833198547,-0.7197918891906738,0.3292954862117767,0.4541909396648407,-0.8682183027267456,0.438866376876831,0.4678711295127868,-0.9804187417030334,0.4711977243423462,0.4609733521938324,-1.0038206577301023,0.5189092755317688,0.4692681729793548,-1.033109426498413,0.5629115104675293,0.470845103263855,-0.9015580415725708,0.4785776138305664,0.4869189858436584,-0.9250640869140624,0.4827339649200439,0.6675140857696533,-0.7443026304244995,0.4190053343772888,0.8858086466789246,-0.5344935059547424,0.4142789840698242,0.6931521892547607,-0.9152030348777772,0.4570527076721191,0.4633975625038147,-0.9825770258903505,0.381576269865036,0.3114305734634399,-0.9742430448532104,0.3186743557453155,0.0350125655531883,-0.974426805973053,0.5996636748313904,0.0222559086978435,-0.3936064839363098,0.4001580476760864,0.5243567228317261,-0.0058062332682311,0.4618014097213745,0.2972009778022766,0.384600967168808,0.568952739238739,0.1179840564727783,0.4375151693820953,0.7369269132614136,0.0722213238477706,-0.4529387354850769,0.4245240390300751,0.3332530260086059,-0.0416617579758167,0.4823033809661865,0.1906342655420303,0.3630126714706421,0.553074300289154,0.0503532141447067,0.4134296476840973,0.7291144728660583,0.0565017983317375,
2.284794657156213,534,17.8,-0.44228395819664,0.398124098777771,0.4321265518665313,-0.4852083325386047,0.3954120278358459,0.4415179491043091,-0.5634658336639404,0.38885697722435,0.4571407735347748,-0.6445268988609314,0.366441011428833,0.4592612981796264,-0.7204145193099976,0.3238241076469421,0.4526274800300598,-0.8707135915756226,0.4332737624645233,0.4659441709518432,-0.9815327525138856,0.4705182313919067,0.4610081017017364,-1.003474473953247,0.5193223357200623,0.4698518514633178,-1.0329045057296753,0.5639048218727112,0.4716368913650512,-0.9023075699806212,0.474554032087326,0.4857150316238403,-0.924644947052002,0.4854834973812103,0.6670841574668884,-0.7429991960525513,0.4185314178466797,0.8867798447608948,-0.5321398973464966,0.4150119423866272,0.6915242075920105,-0.9135430455207824,0.4567406773567199,0.4651927947998047,-0.9822914004325868,0.3825555443763733,0.3123437464237213,-0.974120795726776,0.3167505860328674,0.0343338958919048,-0.9750116467475892,0.6002113819122314,0.0209392048418521,-0.3949173092842102,0.4000792801380157,0.5266993641853333,-0.005771854892373,0.4621334075927734,0.2970026731491089,0.3873511254787445,0.5717686414718628,0.1178389266133308,0.4387977123260498,0.7416240572929382,0.0730839446187019,-0.4548929035663605,0.4274978637695312,0.3342504203319549,-0.0409892760217189,0.4841535687446594,0.1917414516210556,0.3664682805538177,0.5558186769485474,0.0506465658545494,0.4150080978870392,0.7336024045944214,0.0581161454319953,
2.31199459355093,535,17.833333333333332,-0.4414434432983398,0.3983007669448852,0.4320281744003296,-0.4842891097068786,0.3963398933410644,0.4416918754577636,-0.5623399615287781,0.3909320533275604,0.4576959311962127,-0.643042266368866,0.3686990141868591,0.4600344896316528,-0.7190396189689636,0.3274516761302948,0.4539175629615783,-0.8696659803390503,0.4354982674121856,0.4670296311378479,-0.9812290668487548,0.469959408044815,0.4611077606678009,-1.0037258863449097,0.51848304271698,0.4697893559932709,-1.0333843231201172,0.5626451969146729,0.4714621305465698,-0.9018715023994446,0.4758478701114654,0.4872894287109375,-0.9246888756752014,0.4847277402877807,0.6680806279182434,-0.7427458167076111,0.4189735651016235,0.886379599571228,-0.5333223342895508,0.4128927886486053,0.6913608908653259,-0.9141375422477722,0.4568727314472198,0.4645448923110962,-0.9822211861610411,0.3823999166488647,0.3118663430213928,-0.9748156070709229,0.3165388405323028,0.0347118638455867,-0.9745874404907228,0.5990240573883057,0.0213726386427879,-0.3938332200050354,0.3995711207389831,0.5259729027748108,-0.0057217846624553,0.4616076052188873,0.2965914607048034,0.3862214088439941,0.5711581707000732,0.1179838180541992,0.4381760954856872,0.7405247688293457,0.0735987797379493,-0.4538801908493042,0.4262380003929138,0.3338845372200012,-0.0412738248705863,0.4833861589431762,0.1908566802740097,0.3651264905929565,0.5559545159339905,0.0511484332382679,0.4146372675895691,0.7328749299049377,0.0579172633588314,
2.339194529945647,536,17.866666666666667,-0.4422354996204376,0.3969618082046509,0.431465595960617,-0.4848128259181976,0.3956878781318664,0.4413528144359588,-0.562306821346283,0.3914167284965515,0.4577195346355438,-0.6423658728599548,0.3697192668914795,0.4603793025016784,-0.7183562517166138,0.3305836915969848,0.4551226496696472,-0.868817925453186,0.4371508955955505,0.4681158661842346,-0.9803735613822936,0.4700647592544555,0.4611558020114898,-1.0030548572540283,0.5183411836624146,0.4696309864521026,-1.0324218273162842,0.5623188018798828,0.4712628126144409,-0.9011393189430236,0.4767138361930847,0.4888809323310852,-0.9249662160873412,0.4824779331684112,0.6686168909072876,-0.7433027029037476,0.4189999401569366,0.8856026530265808,-0.5344101190567017,0.4124683141708374,0.6925061941146851,-0.914608359336853,0.456553965806961,0.4633479118347168,-0.9822131991386414,0.3814534842967987,0.3113156855106354,-0.9746917486190796,0.3173234462738037,0.0353100150823593,-0.9746213555336,0.598017156124115,0.0218422096222639,-0.3932322561740875,0.397692322731018,0.5238640308380127,-0.0063229035586118,0.4587712287902832,0.2952409088611603,0.3839149475097656,0.5691394209861755,0.1182786598801612,0.4371141195297241,0.7372937798500061,0.0735142529010772,-0.4526430070400238,0.4242160618305206,0.3333188891410827,-0.0420754887163639,0.4812650680541992,0.1892980933189392,0.3626442551612854,0.5540929436683655,0.0512229055166244,0.4135832786560058,0.7298531532287598,0.0575692132115364,
2.3663944663403638,537,17.9,-0.4419986009597778,0.3974442780017853,0.4314291179180145,-0.4843392968177795,0.3952915072441101,0.441135823726654,-0.5616158843040466,0.3896175622940063,0.4574528038501739,-0.6417431831359863,0.3677790760993957,0.4596459865570068,-0.7172293066978455,0.3272964656352997,0.4537481665611267,-0.8718483448028564,0.4292209446430206,0.464755117893219,-0.9806349277496338,0.4688239991664886,0.4602811336517334,-1.0029367208480835,0.517811119556427,0.4694891273975372,-1.0323796272277832,0.5623299479484558,0.4714235365390777,-0.9039233326911926,0.4685593843460083,0.4873992800712585,-0.924408495426178,0.4837011396884918,0.6669918298721313,-0.7426546812057495,0.4186772406101227,0.8858619332313538,-0.5328904986381531,0.4129455089569092,0.6912625432014465,-0.9137716889381408,0.4534777998924255,0.4644282758235931,-0.9824925065040588,0.3819394707679748,0.3116803765296936,-0.974106788635254,0.3165569305419922,0.0347951799631118,-0.9752330183982848,0.598788857460022,0.0205934066325426,-0.3947140872478485,0.3980682790279388,0.5254536867141724,-0.0067491340450942,0.4600328207015991,0.2957305610179901,0.3854542076587677,0.5701102614402771,0.1180385053157806,0.4376471638679504,0.7397037148475647,0.0740110352635383,-0.4547229707241058,0.4242555499076843,0.3329108655452728,-0.0421790406107902,0.4820770919322967,0.1897862702608108,0.3646301925182342,0.5541839003562927,0.0509599894285202,0.4140191078186035,0.7313985824584961,0.0582087635993957,
2.39359440273508,538,17.933333333333334,-0.4416449069976806,0.397129476070404,0.4310399293899536,-0.4839179515838623,0.3955480456352234,0.4410322308540344,-0.5609440207481384,0.3908375799655914,0.4577658176422119,-0.6406610608100891,0.3692725300788879,0.4601969718933105,-0.7162407040596008,0.3301385641098022,0.4550591111183166,-0.8706773519515991,0.43153977394104,0.4659579992294311,-0.9800928831100464,0.4690342843532562,0.4607686102390289,-1.0021976232528689,0.5181018114089966,0.4699161946773529,-1.0311444997787476,0.5627623200416565,0.4717322885990143,-0.9021984338760376,0.4711900353431701,0.4888913929462433,-0.924172580242157,0.4833070933818817,0.6679690480232239,-0.7422003149986267,0.4192420244216919,0.8856898546218872,-0.5331458449363708,0.4125763773918152,0.6916221976280212,-0.9144250750541688,0.4535883367061615,0.4638500213623047,-0.9827646017074584,0.3808763027191162,0.3116685152053833,-0.974495768547058,0.3172300159931183,0.0351747199892997,-0.9748881459236144,0.5986355543136597,0.0212529208511114,-0.3938830494880676,0.3973783552646637,0.5244685411453247,-0.0067302817478775,0.4585152268409729,0.2950522899627685,0.3844006657600403,0.5688916444778442,0.1179715692996978,0.4371048212051391,0.7378614544868469,0.0737381279468536,-0.4538365006446838,0.4231059849262237,0.3323694169521332,-0.0423364304006099,0.48102867603302,0.1891682893037796,0.3634627759456634,0.553577184677124,0.0511575378477573,0.4134092628955841,0.7303078174591064,0.0583372712135314,
2.420794339129797,539,17.966666666666665,-0.4414741396903991,0.3966675698757171,0.4306651353836059,-0.4838110506534576,0.3953187763690948,0.4407420456409454,-0.5607564449310303,0.3909948468208313,0.4575728476047516,-0.6400738954544067,0.3696470260620117,0.4603694975376129,-0.7157500982284546,0.332086443901062,0.4559940695762634,-0.86965012550354,0.4330741167068481,0.4674907028675079,-0.9795109033584596,0.4688408076763153,0.4610457420349121,-1.0019594430923462,0.517607569694519,0.4699276685714721,-1.0302035808563232,0.5624343156814575,0.4717161059379577,-0.9010512232780457,0.4727919995784759,0.4902863502502441,-0.9240232706069946,0.482051819562912,0.6688385009765625,-0.7418071031570435,0.4199708700180053,0.8854854106903076,-0.5337424278259277,0.4118742644786834,0.6918718814849854,-0.9147374629974364,0.4535101652145386,0.463369071483612,-0.9825706481933594,0.3805373609066009,0.3115005195140838,-0.9743812680244446,0.3183125853538513,0.0356652848422527,-0.9745431542396544,0.5987815260887146,0.0222801081836223,-0.3929922580718994,0.3962869644165039,0.5232464671134949,-0.0066932747140526,0.4567280113697052,0.2942350506782532,0.3831774294376373,0.5676293969154358,0.117800273001194,0.4365832805633545,0.7358512282371521,0.0733562558889389,-0.4528645873069763,0.4223197698593139,0.33200204372406,-0.0426456369459629,0.4796559512615204,0.1881428658962249,0.3620405495166778,0.5524938106536865,0.0510726198554039,0.4127437472343445,0.7285323143005371,0.0579982697963714,
2.447994275524514,540,18.0,-0.4414718747138977,0.3966306447982788,0.4303342401981354,-0.4839745461940765,0.394548088312149,0.4403110444545746,-0.5613453388214111,0.3890237212181091,0.4569738507270813,-0.6410666108131409,0.3669883906841278,0.4594478011131286,-0.716509997844696,0.3275763988494873,0.454468697309494,-0.8708789944648743,0.4293769001960754,0.4661523103713989,-0.9811220765113832,0.4677592813968658,0.4612935185432434,-1.0022470951080322,0.5175086855888367,0.4707920849323272,-1.0302679538726809,0.5630621314048767,0.4731205403804779,-0.9024624824523926,0.4698182046413421,0.4887555241584778,-0.9243102073669434,0.4835082590579986,0.6683998703956604,-0.7411260604858398,0.418765515089035,0.886065661907196,-0.532247006893158,0.4123720228672027,0.6902312636375427,-0.9141817092895508,0.4537344872951507,0.4649826288223266,-0.9820573925971984,0.3810290694236755,0.3121969401836395,-0.9748181700706482,0.3164225816726684,0.0350041501224041,-0.9745166301727296,0.5990724563598633,0.0219545923173427,-0.3941976130008697,0.3956811726093292,0.5244967937469482,-0.0068589183501899,0.4571546018123626,0.2936437129974365,0.3855140805244446,0.5689866542816162,0.1171172708272934,0.43710657954216,0.7391355037689209,0.0739346742630004,-0.4548020660877228,0.4238789975643158,0.3318970799446106,-0.0423597395420074,0.4796676635742187,0.1879186630249023,0.3648068606853485,0.5534247756004333,0.0506982319056987,0.4135128855705261,0.7311189770698547,0.0588857419788837,
2.4751942119192307,541,18.03333333333333,-0.4417874813079834,0.3952923417091369,0.4292033612728119,-0.4841089248657226,0.3936873078346252,0.4394208192825317,-0.5611215829849243,0.3890043199062347,0.45647993683815,-0.6405484080314636,0.3677821159362793,0.4595212638378143,-0.7162541747093201,0.3302081525325775,0.4552437961101532,-0.8699941039085388,0.431801289319992,0.4673530757427215,-0.9804345369338988,0.4682560265064239,0.4617335498332977,-1.001955270767212,0.5176170468330383,0.4709120988845825,-1.0295264720916748,0.5630868077278137,0.4731627702713012,-0.9011973738670348,0.4719493389129638,0.4904034435749054,-0.9245962500572203,0.4811765253543854,0.6690266728401184,-0.7411856055259705,0.4184973835945129,0.8851352334022522,-0.5329018235206604,0.411541074514389,0.6907521486282349,-0.9148914217948914,0.4534279406070709,0.4638001322746277,-0.9825208187103271,0.3794988095760345,0.3119091689586639,-0.9751556515693665,0.3172758221626282,0.0355821549892425,-0.9743106961250304,0.5984714031219482,0.0228026453405618,-0.3933250606060028,0.3938580751419067,0.5220955610275269,-0.0065457304008305,0.4575023353099823,0.2935815751552582,0.3842884302139282,0.5686322450637817,0.1174248084425926,0.4367612302303314,0.7375748753547668,0.0737288147211074,-0.4535652697086334,0.4218998253345489,0.3306518495082855,-0.0424653925001621,0.4790073335170746,0.1869039833545684,0.3632235825061798,0.5530621409416199,0.0506376475095748,0.4127845764160156,0.7298508286476135,0.0585117302834987,
2.5023941483139476,542,18.066666666666663,-0.4423967599868774,0.3934940993785858,0.4280800223350525,-0.4846858382225036,0.3923776745796203,0.438420295715332,-0.5614442229270935,0.3885241448879242,0.4556715786457062,-0.6404790878295898,0.3678776323795318,0.4592173993587494,-0.7164043188095093,0.3322449922561645,0.4556724727153778,-0.8690388798713684,0.4341512322425842,0.4682874381542206,-0.979470431804657,0.4690867364406585,0.4622328281402588,-1.0015954971313477,0.5178488492965698,0.4710647463798523,-1.0289498567581177,0.5630123019218445,0.4731521606445312,-0.9002850651741028,0.4735920131206512,0.4917269349098205,-0.9246477484703064,0.4792217016220093,0.6694923639297485,-0.7413126826286316,0.4187468290328979,0.8842200040817261,-0.5336637496948242,0.4113642871379852,0.6914681792259216,-0.915387749671936,0.4532307982444763,0.4626185297966003,-0.9828004837036132,0.3785002529621124,0.3115480244159698,-0.9754850268363952,0.3176320493221283,0.036371786147356,-0.9743056893348694,0.5971415638923645,0.0229825563728809,-0.3923935890197754,0.3926280736923218,0.51942378282547,-0.006421111524105,0.4555622339248657,0.292221188545227,0.3827615678310394,0.567422091960907,0.1174642220139503,0.4363495707511902,0.7350205779075623,0.0732452198863029,-0.4521210193634033,0.4207169711589813,0.3298384547233581,-0.0426317751407623,0.4772389531135559,0.1853793412446975,0.3614280521869659,0.5521129369735718,0.0505922846496105,0.4120917022228241,0.7277539372444153,0.0579616129398345,
2.5295940847086644,543,18.1,-0.4421830773353576,0.3937612771987915,0.4275103211402893,-0.4844036102294922,0.3920758366584778,0.437912106513977,-0.5614586472511292,0.3872691988945007,0.4553397595882416,-0.6411641240119934,0.3655019998550415,0.4584055840969085,-0.7164969444274902,0.3265586197376251,0.4536050856113434,-0.8717933297157288,0.4278596639633178,0.4657885134220123,-0.9807166457176208,0.4677418172359466,0.4615314304828644,-1.0020781755447388,0.5172896981239319,0.4710720181465149,-1.0293753147125244,0.5631943941116333,0.4736090004444122,-0.901481032371521,0.4691193997859955,0.4894551038742065,-0.925087571144104,0.4804416596889496,0.6686581969261169,-0.7398956418037415,0.4183206856250763,0.8849742412567139,-0.5315831303596497,0.4120462536811828,0.6889978051185608,-0.9145034551620485,0.4520222246646881,0.4642603099346161,-0.9832528233528136,0.378761351108551,0.3122851848602295,-0.9755590558052064,0.3161263763904571,0.0350788757205009,-0.974328637123108,0.5984400510787964,0.0225099492818117,-0.3946117162704468,0.3937268257141113,0.5213169455528259,-0.0065177693031728,0.4583422243595123,0.2930189073085785,0.3857898712158203,0.5692332983016968,0.1165365725755691,0.4373757839202881,0.7389286160469055,0.0730791985988617,-0.4551547467708587,0.4217441380023956,0.329126238822937,-0.0424639135599136,0.4793718159198761,0.1864233314990997,0.3646556735038757,0.5516623854637146,0.0491468161344528,0.412807285785675,0.7294601798057556,0.0581248439848423,
2.5567940211033813,544,18.133333333333333,-0.4426987767219543,0.3934541940689087,0.4265518188476562,-0.4848723113536834,0.3921929895877838,0.4371021389961242,-0.5616181492805481,0.3880683183670044,0.4547639787197113,-0.6407051086425781,0.3667820394039154,0.4581688344478607,-0.7160424590110779,0.3302395939826965,0.4544812440872192,-0.8708115816116333,0.430605411529541,0.4664706885814667,-0.980080544948578,0.4680334031581878,0.4615693092346191,-1.0020077228546145,0.5170304179191589,0.4707660973072052,-1.0289026498794556,0.5628052353858948,0.4731637239456177,-0.9003150463104248,0.4712720513343811,0.4908571541309356,-0.9246721267700196,0.4794329702854156,0.6692585945129395,-0.7398349642753601,0.4180781245231628,0.8839631676673889,-0.5322592258453369,0.4115689694881439,0.6894353032112122,-0.9151574969291688,0.451804906129837,0.4633176922798157,-0.9834697246551514,0.3784337639808655,0.3119374513626098,-0.9751333594322203,0.317247599363327,0.0359195098280906,-0.9743093252182008,0.5978822708129883,0.0231731906533241,-0.3937835991382599,0.3946331441402435,0.5190079808235168,-0.0062933261506259,0.458984225988388,0.2928513586521148,0.38438680768013,0.5683419108390808,0.1166578978300094,0.4369346797466278,0.7369204163551331,0.0729539915919303,-0.4538789093494415,0.4213393926620483,0.3282834887504577,-0.0427384749054908,0.4795649945735931,0.1855597198009491,0.3628591299057007,0.5515671968460083,0.0493269599974155,0.4124568402767181,0.7281348705291748,0.0576910078525543,
2.583993957498098,545,18.166666666666668,-0.4428595602512359,0.393628180027008,0.4257572889328003,-0.4847512543201446,0.3929545879364013,0.4365679025650024,-0.5609681606292725,0.3899448215961456,0.4547255933284759,-0.6398776173591614,0.369557648897171,0.4587225914001465,-0.7152973413467407,0.3333567380905151,0.4549996256828308,-0.8696597814559937,0.4333647787570953,0.4673123955726623,-0.9795365333557128,0.4683339297771454,0.461933970451355,-1.001884698867798,0.5170191526412964,0.4708333909511566,-1.0287754535675049,0.5625450015068054,0.4731113314628601,-0.8999072909355164,0.4728167951107025,0.4918623268604278,-0.9241586923599244,0.4787995517253876,0.6698700189590454,-0.7392416000366211,0.4182840287685394,0.8831994533538818,-0.5326400399208069,0.4111354351043701,0.6893494129180908,-0.9156004190444946,0.4516661465167999,0.4626345038414001,-0.9837048649787904,0.3782306909561157,0.3116661310195923,-0.9750016927719116,0.3180778622627258,0.0364932678639888,-0.9741288423538208,0.5974314212799072,0.0236295890063047,-0.3930862545967102,0.3949964642524719,0.5172469615936279,-0.0061412104405462,0.4602973461151123,0.2929347455501556,0.3834457993507385,0.5682446360588074,0.1171895265579223,0.4369453489780426,0.7356339693069458,0.0728088989853859,-0.4530747234821319,0.4199897348880768,0.3271476030349731,-0.0430585592985153,0.4797243177890777,0.1846697926521301,0.3615113198757171,0.5511136651039124,0.0492617562413215,0.4120284616947174,0.7267286777496338,0.0568107813596725,
2.611193893892815,546,18.2,-0.4427872002124786,0.395244687795639,0.4257495105266571,-0.4846852421760559,0.3931975066661834,0.4361041188240051,-0.5609369277954102,0.3879275321960449,0.4536396563053131,-0.6396531462669373,0.3669004440307617,0.4571793377399444,-0.7147554755210876,0.3301180005073547,0.4536482095718384,-0.8731671571731567,0.42530158162117,0.4641233086585998,-0.9806405305862428,0.4665046036243438,0.4614590108394623,-1.0025802850723269,0.515984296798706,0.4707916975021362,-1.0288865566253662,0.5625200271606445,0.4734922647476196,-0.9020503163337708,0.4656325876712799,0.4899298250675201,-0.9240279197692872,0.4802795946598053,0.6684212684631348,-0.7381558418273926,0.4173216223716736,0.8833602666854858,-0.5304868817329407,0.412680983543396,0.6874192357063293,-0.9148276448249816,0.4486044645309448,0.4641068875789642,-0.9844839572906494,0.3781988620758056,0.3122055530548095,-0.974700391292572,0.3174285888671875,0.0353003665804863,-0.9744844436645508,0.5990232229232788,0.0229079462587833,-0.3946852385997772,0.3965659141540527,0.5191479921340942,-0.0066497968509793,0.4630290567874908,0.2931598722934723,0.3858430683612823,0.5697182416915894,0.1167180985212326,0.4377335011959076,0.7389272451400757,0.0731138661503791,-0.4551427364349365,0.4233002364635467,0.3274621963500976,-0.0429191105067729,0.4823504090309143,0.1850645244121551,0.3644883632659912,0.5518572330474854,0.048879399895668,0.4129921495914459,0.7292428612709045,0.057566400617361,
2.638393830287532,547,18.23333333333333,-0.4436950087547302,0.3937497138977051,0.4239984452724457,-0.4857741594314575,0.3920895457267761,0.4344632029533386,-0.5622973442077637,0.3873313665390014,0.4521423578262329,-0.6413783431053162,0.3660913407802582,0.455898106098175,-0.717151403427124,0.3290019333362579,0.4526760280132293,-0.8706725835800171,0.4294532835483551,0.4653822183609009,-0.9797003269195556,0.4670653939247131,0.4616146683692932,-1.002435326576233,0.5160729885101318,0.4707377254962921,-1.0291404724121094,0.5621268153190613,0.4728609323501587,-0.900822937488556,0.4693387150764465,0.4902528822422027,-0.924113154411316,0.4788756072521209,0.6685442328453064,-0.7376856803894043,0.4174533188343048,0.8827270269393921,-0.5308367013931274,0.411804050207138,0.686740517616272,-0.9140312075614928,0.4513574838638305,0.4633259773254394,-0.984400510787964,0.3783726394176483,0.3124847412109375,-0.9746456146240234,0.3180845081806183,0.0357095599174499,-0.9740172624588012,0.598939836025238,0.0231851153075695,-0.3949600160121918,0.3973411023616791,0.5167058706283569,-0.0066832755692303,0.4629296362400055,0.2922070622444153,0.3854917287826538,0.5695579051971436,0.1169489845633506,0.4376632273197174,0.7385510206222534,0.073598064482212,-0.4545120000839233,0.4231980443000793,0.3263591527938843,-0.0430998057126998,0.4818431138992309,0.1834906190633773,0.3638961017131805,0.5521971583366394,0.04898302257061,0.4128845930099487,0.7291938662528992,0.0575614757835865,
2.6655937666822487,548,18.266666666666666,-0.4441231787204742,0.3940177857875824,0.4232296943664551,-0.4860650300979614,0.3928022384643554,0.4337426722049713,-0.5623133778572083,0.3887065947055816,0.4514791667461395,-0.6409726142883301,0.3676808178424835,0.4554973840713501,-0.7167959213256836,0.3322941362857818,0.4533456861972809,-0.8699063062667847,0.4319611191749573,0.4662827849388122,-0.9793514609336852,0.4676305651664734,0.4622232913970947,-1.0023250579833984,0.5162596106529236,0.4710988998413086,-1.0291117429733276,0.5618495345115662,0.4729502201080322,-0.9006150960922241,0.4707168340682983,0.4914182722568512,-0.9238841533660888,0.47736856341362,0.6690596342086792,-0.7376395463943481,0.416495531797409,0.8813456892967224,-0.5319216251373291,0.4103909134864807,0.6864158511161804,-0.9148330688476562,0.4512771070003509,0.4625818729400635,-0.9847497940063475,0.3781331181526184,0.3123274743556976,-0.9743008613586426,0.3188846111297607,0.0368975736200809,-0.9742729067802428,0.5979840755462646,0.0235057957470417,-0.3941294252872467,0.3978750109672546,0.5145606398582458,-0.0068831797689199,0.4642269611358642,0.2918842136859894,0.3839112222194671,0.5684589743614197,0.1172096207737922,0.4370727241039276,0.736139178276062,0.0731924101710319,-0.453172355890274,0.4225075840950012,0.325452446937561,-0.0433031432330608,0.4824889302253723,0.1829564571380615,0.3622496724128723,0.5517725944519043,0.0495473593473434,0.4122750163078308,0.7275642156600952,0.0567831210792064,
2.6927937030769655,549,18.3,-0.4441985189914703,0.396092802286148,0.4225777685642242,-0.4861560463905334,0.3937029242515564,0.4329432249069214,-0.5627464056015015,0.3876786530017853,0.4504747986793518,-0.642156183719635,0.3657509386539459,0.454135000705719,-0.7172653675079346,0.3268991410732269,0.4508693814277649,-0.8728931546211243,0.4260202944278717,0.4640572965145111,-0.9810117483139038,0.4668956398963928,0.4623760879039764,-1.0029696226119995,0.5164989233016968,0.4718300998210907,-1.0296159982681274,0.5629301071166992,0.4742999672889709,-0.902370035648346,0.4668628573417663,0.4890393018722534,-0.9240075945854188,0.4791637361049652,0.66830974817276,-0.7353099584579468,0.4164305031299591,0.8819174766540527,-0.529632568359375,0.4109254479408264,0.6828856468200684,-0.9149330854415894,0.4499211609363556,0.4642688930034637,-0.9862878322601318,0.3779278397560119,0.3130604922771454,-0.9740686416625975,0.3183982074260711,0.0351569913327693,-0.9746251106262208,0.6005653738975525,0.0231486409902572,-0.3965779840946197,0.3986436128616333,0.5164269208908081,-0.0075404057279229,0.4663111865520477,0.2916035056114197,0.3872438967227936,0.5695418119430542,0.116515964269638,0.4381042122840881,0.739365816116333,0.0728956088423729,-0.4565103948116302,0.425521582365036,0.3246609568595886,-0.0431971065700054,0.4856561422348022,0.1838092058897018,0.3656659722328186,0.550664484500885,0.047622300684452,0.4130036830902099,0.7288516759872437,0.0568298585712909,
2.7199936394716824,550,18.33333333333333,-0.4447271525859833,0.3961086571216583,0.4208728671073913,-0.4866090416908264,0.3943532705307007,0.4316272437572479,-0.5632168054580688,0.3892010152339935,0.4497030377388,-0.642910361289978,0.3669928312301636,0.4534401893615722,-0.7185485363006592,0.3277735710144043,0.4504166841506958,-0.871135950088501,0.4304656982421875,0.4655905961990356,-0.9805927276611328,0.4672141075134277,0.4629407525062561,-1.0031644105911257,0.5164563655853271,0.4723233878612518,-1.0300216674804688,0.5625877976417542,0.474538654088974,-0.9024726152420044,0.4696515798568725,0.4892809689044952,-0.9239994287490844,0.4775724709033966,0.6685343980789185,-0.7343193292617798,0.4166204929351806,0.8809314370155334,-0.530082106590271,0.409233033657074,0.6813722252845764,-0.9152668714523317,0.450470358133316,0.4641563296318054,-0.9866307377815248,0.3785660862922668,0.3130751550197601,-0.9738001823425292,0.3189600706100464,0.0357440821826458,-0.9746498465538024,0.6004867553710938,0.0236691404134035,-0.396744430065155,0.3988702893257141,0.5143709778785706,-0.0078140180557966,0.4682492315769195,0.2915457487106323,0.3867457807064056,0.5686352849006653,0.1166072562336921,0.4379655718803406,0.7380433082580566,0.0728530213236808,-0.4564590454101562,0.4259430170059204,0.323138028383255,-0.0437732711434364,0.4868667721748352,0.1830313950777053,0.3647370934486389,0.5505362749099731,0.0477378703653812,0.4127823412418365,0.7281019687652588,0.0561442859470844,
2.7471935758663992,551,18.366666666666667,-0.4452707767486572,0.3961630463600158,0.418779194355011,-0.4869991540908813,0.3948495090007782,0.4299290776252746,-0.5631747841835022,0.3904478549957275,0.4486013650894165,-0.6423410773277283,0.3687377572059631,0.4527157247066498,-0.7180047631263733,0.3314897716045379,0.4509416222572326,-0.8703529834747314,0.4331876337528229,0.4662132263183594,-0.980198621749878,0.4677603542804718,0.4633758664131164,-1.00333833694458,0.5163648724555969,0.4725428819656372,-1.029788851737976,0.5623329281806946,0.4746882915496826,-0.9031540751457214,0.470513105392456,0.4896230101585388,-0.9233046174049376,0.4764579832553863,0.6686719655990601,-0.7334245443344116,0.4174954295158386,0.8793872594833374,-0.5307263731956482,0.4085770547389984,0.6805347800254822,-0.9161553382873536,0.4501229524612427,0.4633544683456421,-0.9868307709693908,0.3783035278320312,0.3125410974025726,-0.9742207527160645,0.3190329968929291,0.0365601629018783,-0.9744447469711304,0.599000871181488,0.0241610668599605,-0.3959324359893799,0.4002014398574829,0.5109370350837708,-0.0073818298988044,0.4712287783622741,0.2918336689472198,0.3857099711894989,0.568260669708252,0.1171220168471336,0.4378115832805633,0.7363427877426147,0.0727226659655571,-0.4549086987972259,0.4265937209129333,0.321492850780487,-0.0438309423625469,0.4886311590671539,0.1820573508739471,0.363359123468399,0.5498985052108765,0.0479984022676944,0.4121777713298797,0.7265396118164062,0.0556976087391376,
2.774393512261116,552,18.4,-0.4447522163391113,0.3971278071403503,0.4168286919593811,-0.4864935278892517,0.3953595459461212,0.4281327724456787,-0.5630186796188354,0.3900052309036255,0.4469276368618011,-0.6424456834793091,0.3670183420181274,0.4502609968185425,-0.718062698841095,0.3279528617858886,0.4481657743453979,-0.8713089823722839,0.4303310811519623,0.464925080537796,-0.9815990924835204,0.4667833745479584,0.4630152285099029,-1.00368070602417,0.5161374807357788,0.4731980264186859,-1.0301947593688965,0.5625446438789368,0.4760923981666565,-0.9029269814491272,0.4701177179813385,0.4879743456840515,-0.9236904382705688,0.4768833220005035,0.6684417724609375,-0.7318179607391357,0.4147920608520508,0.8787235021591187,-0.5293991565704346,0.4080771207809448,0.6770658493041992,-0.915629506111145,0.4511297941207886,0.4645243287086487,-0.9874222874641418,0.3786665499210357,0.3136439919471741,-0.9733373522758484,0.3198679387569427,0.0360336676239967,-0.9740588068962096,0.6017959713935852,0.0247880537062883,-0.3965370059013366,0.399747222661972,0.5103758573532104,-0.0066643394529819,0.4727648794651031,0.2909615933895111,0.3888079226016998,0.5717175006866455,0.1175707951188087,0.4396076202392578,0.7409822344779968,0.0735272914171218,-0.4560543000698089,0.4294726252555847,0.3199284076690674,-0.0428808853030204,0.4909135997295379,0.1814460307359695,0.3666667640209198,0.554521918296814,0.0489445179700851,0.4141387045383453,0.7321268916130066,0.0563906654715538,
2.801593448655833,553,18.433333333333334,-0.4446392357349396,0.3982161581516266,0.4144384264945984,-0.4864766597747803,0.396598756313324,0.4261009097099304,-0.5628883838653564,0.3915812075138092,0.445441722869873,-0.6420831680297852,0.3692086935043335,0.4493961930274963,-0.7178853750228882,0.3313440382480621,0.4482365548610687,-0.8701421022415161,0.4344425201416015,0.4657962024211883,-0.9812039136886596,0.4677396416664123,0.4639578759670257,-1.0044224262237549,0.5162637233734131,0.4737960398197174,-1.0315974950790403,0.5618972182273865,0.4766189754009247,-0.9034161567687988,0.4712226986885071,0.4889540672302246,-0.9231062531471252,0.4759439826011657,0.6690513491630554,-0.7302706837654114,0.4154181778430938,0.8773878216743469,-0.5294241309165955,0.407635748386383,0.6757097244262695,-0.9162189960479736,0.4517153203487396,0.4637650549411773,-0.9879521131515504,0.3790132999420166,0.3132578730583191,-0.9733647108078004,0.3205945789813995,0.0365238301455974,-0.9733831882476808,0.6015337109565735,0.0257729236036539,-0.3961109519004822,0.4001325070858001,0.5073696970939636,-0.0066660614684224,0.473576009273529,0.2900663912296295,0.3879732489585876,0.5711629390716553,0.1177437976002693,0.4393355250358581,0.7396488785743713,0.0735297128558158,-0.4553797245025635,0.4292594790458679,0.3172591924667358,-0.0432108119130134,0.492114245891571,0.1800061613321304,0.3656357228755951,0.5548956394195557,0.0494532845914363,0.4138708114624023,0.7316501140594482,0.0560235045850276,
2.82879338505055,554,18.466666666666665,-0.4445624649524688,0.3990713059902191,0.4117724597454071,-0.4862097799777984,0.3979029655456543,0.4240253567695617,-0.5621338486671448,0.3937483131885528,0.4443440735340118,-0.6411283612251282,0.372090071439743,0.4490188062191009,-0.7170735597610474,0.3349356949329376,0.448434829711914,-0.8691450953483582,0.437671959400177,0.4664532244205475,-0.9807264804840088,0.4685656130313873,0.4648193717002868,-1.004979133605957,0.5162281394004822,0.4743587672710418,-1.0324041843414309,0.5613744854927063,0.4770381450653076,-0.9039095640182496,0.4718415439128876,0.4897472560405731,-0.9223592281341552,0.4749023914337158,0.6694038510322571,-0.729248583316803,0.4136525392532348,0.875555157661438,-0.5300918221473694,0.4056922197341919,0.673779308795929,-0.9167580008506776,0.4520874321460724,0.4633203446865082,-0.988174855709076,0.3800124526023865,0.3128594756126404,-0.973297655582428,0.3216786384582519,0.0371374189853668,-0.9737428426742554,0.6013053059577942,0.0258058756589889,-0.3956769108772278,0.4013251960277557,0.5041413903236389,-0.0068452577106654,0.474029541015625,0.2884752750396728,0.3870344161987304,0.5705578327178955,0.1178332939743995,0.4387742280960083,0.7381288409233093,0.0730776339769363,-0.4547453820705414,0.4282883107662201,0.3142169117927551,-0.0435808487236499,0.493017315864563,0.1784379780292511,0.3644784986972809,0.5547708868980408,0.0496865548193454,0.4135867059230804,0.7305895090103149,0.0554753392934799,
2.855993321445266,555,18.5,-0.4444552958011627,0.4005269706249237,0.4091248512268066,-0.4862273335456848,0.3985123932361603,0.4215806126594543,-0.5626022219657898,0.3927762508392334,0.4420852363109588,-0.6419434547424316,0.3697406351566314,0.445938378572464,-0.7175599932670593,0.3302964568138122,0.4450483024120331,-0.8708484768867493,0.4332449436187744,0.4645271301269531,-0.982677400112152,0.4668524265289306,0.4646221995353699,-1.005708932876587,0.5155218243598938,0.4750332832336426,-1.0333012342453003,0.561199426651001,0.4785921573638916,-0.9045926332473756,0.4696570932865143,0.4876295924186706,-0.9220994114875792,0.4761750102043152,0.6689520478248596,-0.7262434363365173,0.4122098684310913,0.8750807642936707,-0.5273871421813965,0.4065220952033996,0.6696857213973999,-0.9159839749336244,0.4524887502193451,0.4645618498325348,-0.9896227121353148,0.3802058696746826,0.3142330646514892,-0.9721814393997192,0.3225747942924499,0.0363873392343521,-0.9733473658561708,0.60478675365448,0.0265112556517124,-0.3975870013236999,0.4022620916366577,0.5036308765411377,-0.0069138105027377,0.4771865904331207,0.287593275308609,0.3906468749046325,0.5732437968254089,0.1180742532014846,0.4404471516609192,0.7422003149986267,0.0727695971727371,-0.4572000503540039,0.4319059550762176,0.3121066689491272,-0.0434627383947372,0.4968081414699554,0.1780422627925872,0.3678503334522247,0.5561739206314087,0.0493850111961364,0.4150715470314026,0.7336928844451904,0.0558764524757862,
2.883193257839983,556,18.53333333333333,-0.4451009929180145,0.4004107713699341,0.4061057567596435,-0.4866589605808258,0.3990913033485412,0.4190891087055206,-0.5625723600387573,0.3944854140281677,0.4403932988643646,-0.6415325999259949,0.3719748258590698,0.4446844756603241,-0.7171449065208435,0.3341624736785888,0.4452257454395294,-0.8701364994049072,0.4362877607345581,0.4651985168457031,-0.9824230670928956,0.4672571420669555,0.4655286371707916,-1.006516695022583,0.5149887800216675,0.4758951365947723,-1.034605622291565,0.5599023699760437,0.4797762334346771,-0.9050354957580566,0.4707225859165191,0.4887334704399109,-0.9207263588905334,0.4755124449729919,0.6695326566696167,-0.724721372127533,0.4114007353782654,0.873500645160675,-0.5278759002685547,0.4049377143383026,0.6680545210838318,-0.9168593883514404,0.4526975154876709,0.4644690454006195,-0.9898808002471924,0.3814971148967743,0.3139500021934509,-0.9727405905723572,0.3223069608211517,0.0375988818705081,-0.9730314612388612,0.6032703518867493,0.0271960720419883,-0.3972976803779602,0.4033255279064178,0.4995715618133545,-0.0070162834599614,0.4781851172447204,0.2862868905067444,0.3895719051361084,0.573190450668335,0.1186359375715255,0.4403655230998993,0.7406958937644958,0.0723520666360855,-0.4561675786972046,0.4328645169734955,0.3096318244934082,-0.0437246114015579,0.4979986548423767,0.1760186851024627,0.3666688799858093,0.5572944283485413,0.0502754412591457,0.4149638712406158,0.7334779500961304,0.0551599785685539,
2.9103931942347,557,18.566666666666663,-0.4456484019756317,0.400907963514328,0.4027755856513977,-0.4870183169841766,0.4000566601753235,0.4163433909416199,-0.5624966025352478,0.3961941599845886,0.4385327398777008,-0.6410399675369263,0.3738901913166046,0.4431273639202118,-0.7165621519088745,0.3376505076885223,0.4451567530632019,-0.8694572448730469,0.4387169480323791,0.465530127286911,-0.9821624755859376,0.4678810238838196,0.4665636718273163,-1.0069347620010376,0.5150108337402344,0.4770133793354034,-1.0358507633209229,0.5589922666549683,0.4808955192565918,-0.90626060962677,0.471023678779602,0.4883859157562256,-0.9194702506065368,0.4751594960689544,0.6692822575569153,-0.7229463458061218,0.4111313819885254,0.8715167045593262,-0.5276423692703247,0.4036316871643066,0.6660582423210144,-0.9176056385040284,0.453188806772232,0.4639498591423034,-0.9905924797058104,0.3815147578716278,0.3137881457805633,-0.9730318188667296,0.3224847316741943,0.038253653794527,-0.973020315170288,0.60239577293396,0.0272194277495145,-0.3975876271724701,0.4034096002578735,0.4957604706287384,-0.0077274381183087,0.4776867628097534,0.2841382026672363,0.388443261384964,0.5724160671234131,0.1190185993909835,0.4402136206626892,0.738899290561676,0.0722847282886505,-0.4561768174171448,0.432013988494873,0.3060068190097809,-0.0446522794663906,0.4983083605766296,0.1732867658138275,0.3653177320957184,0.5572119951248169,0.0504165664315223,0.4146897196769714,0.7325391173362732,0.0547812990844249,
2.9375931306294167,558,18.6,-0.4456452131271362,0.4030578434467315,0.3999668657779693,-0.4869647324085235,0.4011962413787842,0.4135437309741974,-0.56263267993927,0.3955685496330261,0.4357520043849945,-0.6413742899894714,0.3720913529396057,0.4396660625934601,-0.7165080308914185,0.3337096273899078,0.4410126805305481,-0.8723768591880798,0.4327563643455505,0.4625972211360931,-0.9836275577545166,0.466718316078186,0.4665099084377289,-1.0073485374450684,0.514778733253479,0.4779409170150757,-1.0365756750106812,0.5592008829116821,0.4828131198883056,-0.9070204496383668,0.4676818549633026,0.4859677255153656,-0.9191529154777528,0.4759515225887298,0.6684326529502869,-0.7195039987564087,0.409668505191803,0.8704675436019897,-0.5250483155250549,0.4033201932907104,0.6609959602355957,-0.9167177081108092,0.4525588154792785,0.4650010764598846,-0.9922206401824952,0.3821095824241638,0.3149630427360534,-0.971883237361908,0.3232120275497436,0.0375787317752838,-0.9727319478988647,0.6056512594223022,0.0278262346982955,-0.399590253829956,0.4063022136688232,0.4950540363788605,-0.0074869724921882,0.4824059009552002,0.2839363813400268,0.3922405242919922,0.5748811960220337,0.1188467741012573,0.4417421221733093,0.7429356575012207,0.0717544108629226,-0.4584753811359405,0.4378629922866821,0.3046317100524902,-0.0442702397704124,0.5023144483566284,0.1721312552690506,0.3693684637546539,0.5600958466529846,0.0507616996765136,0.4165475964546203,0.7369232773780823,0.0546590909361839,
2.9647930670241336,559,18.633333333333333,-0.4470685720443725,0.4022264778614044,0.3960428237915039,-0.4882382452487945,0.4007711410522461,0.410069078207016,-0.5631617307662964,0.396109402179718,0.4331168532371521,-0.6411303281784058,0.3742944598197937,0.4383105039596557,-0.7162088751792908,0.3383495211601257,0.4416214227676391,-0.8700792789459229,0.4392793476581573,0.4643771946430206,-0.9818336963653564,0.4690565168857574,0.4680725932121277,-1.0065325498580933,0.5163485407829285,0.4796499907970428,-1.0354819297790527,0.5606106519699097,0.485057920217514,-0.9065216183662416,0.4705257415771484,0.4868274629116058,-0.917347013950348,0.4760782420635223,0.6688352823257446,-0.7172787189483643,0.4099438786506653,0.8685116171836853,-0.5252809524536133,0.4017674624919891,0.6589034795761108,-0.9160696268081664,0.4537477493286133,0.4650233387947082,-0.99233078956604,0.3838904201984405,0.3154436945915222,-0.9711041450500488,0.3246304392814636,0.0395102463662624,-0.9718271493911744,0.6055469512939453,0.0286803506314754,-0.3996952772140503,0.4059000313282013,0.4898867309093475,-0.0079196169972419,0.4818021059036255,0.2815163135528564,0.3909887075424194,0.5742842555046082,0.1194127202033996,0.4418407082557678,0.7407208681106567,0.0713520050048828,-0.4577023983001709,0.4380794167518616,0.3012852668762207,-0.0447590202093124,0.5021739602088928,0.1691141426563263,0.3679081499576568,0.5601528286933899,0.0509621053934097,0.4164447486400604,0.735756516456604,0.0540655516088008,
2.9919930034188504,560,18.666666666666668,-0.4479622542858124,0.4031749069690704,0.3924933969974518,-0.4890665709972381,0.4015647172927856,0.4066770076751709,-0.5634790658950806,0.3969140648841858,0.4300566911697387,-0.6407959461212158,0.376526266336441,0.4363658130168915,-0.715853750705719,0.342495322227478,0.4407258033752441,-0.8679345846176147,0.4442157745361328,0.4656314849853515,-0.980144202709198,0.4709947109222412,0.4692296385765075,-1.0060346126556396,0.5171655416488647,0.4808729887008667,-1.035163402557373,0.5608677864074707,0.4865080416202545,-0.9059629440307616,0.4730913639068603,0.4870796799659729,-0.9156534671783448,0.4750806391239166,0.6683980226516724,-0.7157889008522034,0.4080057442188263,0.8655303716659546,-0.525664210319519,0.3991366922855377,0.6566156148910522,-0.9154528975486756,0.4550183415412903,0.4648344814777374,-0.9923730492591858,0.3855852782726288,0.315715342760086,-0.9711019992828368,0.3257426619529724,0.0413432791829109,-0.9714313745498656,0.6048895716667175,0.0295022428035736,-0.3993874192237854,0.4061926305294037,0.4850064218044281,-0.0081415204331278,0.4830785989761352,0.2801761627197265,0.3895770311355591,0.5737102031707764,0.1201467365026474,0.4419334530830383,0.7378450632095337,0.0704094171524047,-0.4566867351531982,0.438658595085144,0.2977927327156067,-0.0452172085642814,0.5025469064712524,0.1663316488265991,0.3660818338394165,0.5610769987106323,0.051603116095066,0.4161679446697235,0.7350479364395142,0.0534291453659534,
3.0191929398135673,561,18.7,-0.4483285844326019,0.4038213789463043,0.3885009288787842,-0.4896554350852966,0.4008153080940246,0.4025326073169708,-0.5641471147537231,0.3940314054489136,0.4256923198699951,-0.6410104632377625,0.3733071982860565,0.4318221807479858,-0.7157777547836304,0.3400032222270965,0.4364571273326874,-0.871284008026123,0.4371040463447571,0.4624813497066498,-0.9806687831878662,0.4699254930019378,0.4693335592746734,-1.006568431854248,0.5165131688117981,0.4816411137580871,-1.035940170288086,0.5605490803718567,0.4883075654506683,-0.9069411158561708,0.4688500463962555,0.4850074648857116,-0.914015293121338,0.4768523871898651,0.6673583984375,-0.7121259570121765,0.4065480232238769,0.8643215298652649,-0.5229964256286621,0.399598091840744,0.6519441604614258,-0.9148557186126708,0.4535789489746094,0.4656074345111847,-0.9940822720527648,0.3865697085857391,0.3165585398674011,-0.9704729914665222,0.3259530067443847,0.041002906858921,-0.971696138381958,0.6070210933685303,0.0294224433600902,-0.4013780653476715,0.4083074331283569,0.4826668202877044,-0.0080192452296614,0.4858748316764831,0.2789600789546966,0.392716497182846,0.5754703879356384,0.1201853230595588,0.443227469921112,0.741258978843689,0.0709100365638732,-0.458919495344162,0.4427284002304077,0.2951809167861938,-0.045238010585308,0.5041443705558777,0.1638166308403015,0.3691455721855163,0.5626894235610962,0.0516076534986496,0.4173599779605865,0.7381824254989624,0.0540029034018516,
3.046392876208284,562,18.73333333333333,-0.4485476911067962,0.4055212140083313,0.3848891854286194,-0.4900761246681213,0.4021192193031311,0.3990487456321716,-0.5645348429679871,0.3948322236537933,0.4223858118057251,-0.6409915685653687,0.3745002448558807,0.4290236532688141,-0.7155431509017944,0.3429045379161834,0.4350650608539581,-0.8700770735740662,0.4396350979804992,0.4628894031047821,-0.9797698259353638,0.4718628823757171,0.470826119184494,-1.007011651992798,0.5170227289199829,0.4832624793052673,-1.0370365381240845,0.5600563287734985,0.4906825125217438,-0.9071847796440125,0.4700911045074463,0.4849881529808044,-0.9128957986831664,0.4749514460563659,0.6670119762420654,-0.7101396918296814,0.4045971632003784,0.8617557287216187,-0.5227602124214172,0.3974625468254089,0.6490548253059387,-0.915492832660675,0.4535280466079712,0.4657019376754761,-0.994388222694397,0.3883209228515625,0.3162747919559479,-0.9704726338386536,0.326488196849823,0.0418484397232532,-0.9713042974472046,0.6067650318145752,0.0304887685924768,-0.4012838304042816,0.4105779826641083,0.4786455929279327,-0.0079779755324125,0.4889187216758728,0.2783082723617553,0.3923395276069641,0.5755442380905151,0.1208013296127319,0.4436186552047729,0.7394722104072571,0.0694247856736183,-0.4581662118434906,0.4449846744537353,0.2919338941574096,-0.0454000309109687,0.5054872632026672,0.1611715108156204,0.3684774339199066,0.5636041164398193,0.0519291795790195,0.4176003336906433,0.7380231618881226,0.0530642829835414,
3.073592812603001,563,18.766666666666666,-0.4493906795978546,0.4061196446418762,0.3808943629264831,-0.4907588958740234,0.4030506610870361,0.3956746757030487,-0.564797043800354,0.3963372111320495,0.4199981689453125,-0.6408507823944092,0.3763846457004547,0.4272287487983703,-0.7152020335197449,0.3463233709335327,0.4342825710773468,-0.8691679835319519,0.4422130584716797,0.4632842540740967,-0.979350209236145,0.4731648564338684,0.4722768068313598,-1.0075130462646484,0.5173250436782837,0.4849794507026672,-1.037996768951416,0.5595582723617554,0.4932263195514679,-0.907867670059204,0.4711529016494751,0.484958678483963,-0.9109142422676086,0.4746019244194031,0.6667799353599548,-0.7073898911476135,0.4037326574325561,0.859220027923584,-0.5224692225456238,0.3951786756515503,0.6457412838935852,-0.916118323802948,0.4546482861042022,0.4658423960208893,-0.9949082136154176,0.3898155093193054,0.3164051473140716,-0.9706020951271056,0.3276099264621734,0.0428151935338974,-0.9705437421798706,0.6070109605789185,0.0311452392488718,-0.4016373753547668,0.4113747775554657,0.4740923643112182,-0.0085353758186101,0.4896789789199829,0.2761010229587555,0.3916287124156952,0.5751439332962036,0.1211874932050705,0.4438699185848236,0.737700879573822,0.0686381980776786,-0.4583638608455658,0.4452236294746399,0.2877285480499267,-0.0460390225052833,0.5062083601951599,0.1585302650928497,0.3674474358558655,0.5632085204124451,0.051587201654911,0.4175319671630859,0.7368545532226562,0.0523291192948818,
3.100792748997718,564,18.8,-0.4491146802902221,0.4095581173896789,0.3779439628124237,-0.4904660582542419,0.4055217802524566,0.3927633762359619,-0.5644562244415283,0.3972691893577575,0.4171911776065826,-0.640281081199646,0.3768798112869262,0.4243035018444061,-0.7143382430076599,0.3467774391174316,0.431053876876831,-0.8711071014404297,0.4377308487892151,0.4611873924732208,-0.979687511920929,0.4729707241058349,0.4733651876449585,-1.0075722932815552,0.5177221894264221,0.4865298867225647,-1.037586331367493,0.5606050491333008,0.4957803189754486,-0.9082017540931702,0.4689090847969055,0.4834642112255096,-0.9103939533233644,0.4740675091743469,0.6663875579833984,-0.7046502828598022,0.398850530385971,0.8567233085632324,-0.5205329656600952,0.3937315940856933,0.6407380700111389,-0.9151462912559508,0.455398678779602,0.4661589562892914,-0.996060311794281,0.3904995918273926,0.3175303041934967,-0.9695507884025574,0.328565388917923,0.0429118424654006,-0.970206618309021,0.6094154715538025,0.0319083519279956,-0.4029471278190613,0.4154742658138275,0.472602903842926,-0.0085699940100312,0.4944102764129638,0.2754678726196289,0.3940275013446808,0.5774258971214294,0.1214408054947853,0.4447556436061859,0.7414066195487976,0.0694993808865547,-0.4602051079273224,0.4506604671478271,0.2855337858200073,-0.0462760441005229,0.5106538534164429,0.1572115868330001,0.3697025179862976,0.5655338168144226,0.0522112920880317,0.4184069633483886,0.7402681112289429,0.0527499690651893,
3.1279926853924347,565,18.83333333333333,-0.4490486681461334,0.4112129807472229,0.373818963766098,-0.4902856051921844,0.407595545053482,0.3891198337078094,-0.5640103220939636,0.3999452292919159,0.414248377084732,-0.6394205093383789,0.3793653547763824,0.4214830994606018,-0.7133832573890686,0.3515551388263702,0.4296044111251831,-0.8692038059234619,0.4421975016593933,0.4626861810684204,-0.97845458984375,0.4750142395496368,0.4752945005893707,-1.0073251724243164,0.518703043460846,0.4887462854385376,-1.0378057956695557,0.5607959032058716,0.4987407922744751,-0.908455729484558,0.4690582454204559,0.4837135076522827,-0.9080590009689332,0.4736724495887756,0.6662642359733582,-0.7012394070625305,0.3988355696201324,0.8542546629905701,-0.519842803478241,0.392058253288269,0.6372871398925781,-0.9149182438850404,0.4563439488410949,0.4667574465274811,-0.9956687092781068,0.3930265009403229,0.3179773390293121,-0.9700224995613098,0.3295610249042511,0.0444648638367652,-0.970959722995758,0.6093891859054565,0.0319888480007648,-0.4024296998977661,0.4166447818279266,0.4679577648639679,-0.008347176015377,0.4968749284744262,0.2740916609764099,0.3938113152980804,0.5780910849571228,0.1218867897987365,0.4450156390666961,0.7409936785697937,0.0692203417420387,-0.459745705127716,0.4517019391059875,0.2812013030052185,-0.0465266034007072,0.5119932293891907,0.154374212026596,0.3690356910228729,0.5661569833755493,0.0524051710963249,0.4184175431728363,0.7401323914527893,0.0522117353975772,
3.1551926217871515,566,18.866666666666667,-0.4487679004669189,0.4136480689048767,0.3698875904083252,-0.4899079799652099,0.4103796482086181,0.3856514394283294,-0.5633788108825684,0.4032179117202759,0.4114781022071838,-0.6384096145629883,0.3822568356990814,0.4189206659793854,-0.7123599648475647,0.3555921912193298,0.4278248846530914,-0.8678349852561951,0.4451133906841278,0.4633395671844482,-0.9775084257125854,0.4764228463172912,0.4768042266368866,-1.0076582431793213,0.5186301469802856,0.4904599487781524,-1.0385189056396484,0.5599632263183594,0.5012543201446533,-0.9083951115608216,0.4696412980556488,0.4845604002475738,-0.9064877033233644,0.4717786908149719,0.6665299534797668,-0.6981399655342102,0.3966046571731567,0.8514389395713806,-0.5192951560020447,0.3890707492828369,0.6333552598953247,-0.9151434898376464,0.4565096199512481,0.466980516910553,-0.9957433342933656,0.3946498930454254,0.3179513812065124,-0.9706246852874756,0.3301870822906494,0.0452766343951225,-0.970651626586914,0.609501838684082,0.0333841815590858,-0.4023225903511047,0.4180747270584106,0.4638774394989013,-0.0085349446162581,0.4979687333106994,0.2719058990478515,0.3935687243938446,0.5787476897239685,0.1225598901510238,0.445576548576355,0.7402076721191406,0.0685065388679504,-0.4596843123435974,0.4532958567142486,0.2770026624202728,-0.0468612611293792,0.5122539401054382,0.1510682255029678,0.3684426844120025,0.5669163465499878,0.0524165444076061,0.4186713397502899,0.7400145530700684,0.0512154065072536,
3.1823925581818684,567,18.9,-0.4491077363491058,0.4142255485057831,0.3643473982810974,-0.4903117418289184,0.4100966453552246,0.3803057968616485,-0.5635979175567627,0.401730865240097,0.4065793752670288,-0.6382817029953003,0.3813509345054626,0.4149980545043945,-0.7116247415542603,0.3538415431976318,0.4233694076538086,-0.8683547973632812,0.4410083591938019,0.4602552056312561,-0.977764129638672,0.4749167263507843,0.4769299030303955,-1.0073719024658203,0.5179556608200073,0.4913301765918731,-1.0380319356918335,0.5599783658981323,0.5027769804000854,-0.9085640907287598,0.4663799405097961,0.4831212759017944,-0.9048815965652466,0.4721677899360657,0.6659152507781982,-0.6942477226257324,0.392186552286148,0.8483552932739258,-0.5169999003410339,0.3874726593494415,0.62706458568573,-0.9141193628311156,0.455891340970993,0.4672528505325317,-0.9968687295913696,0.3952998220920563,0.3183188438415527,-0.9708809852600098,0.3295150399208069,0.0445374101400375,-0.9706382751464844,0.6105285882949829,0.033876359462738,-0.4045949876308441,0.42063769698143,0.4599137008190155,-0.0087894257158041,0.4991513192653656,0.2689898908138275,0.3961574137210846,0.5798925161361694,0.1224952936172485,0.446391224861145,0.743196427822113,0.069857582449913,-0.4618550539016723,0.4570237398147583,0.2729229032993316,-0.0470116883516311,0.5135670900344849,0.1479884386062622,0.3708658218383789,0.5668495893478394,0.0514091551303863,0.4192561209201813,0.7414502501487732,0.0512805618345737,
3.2095924945765852,568,18.933333333333334,-0.450118750333786,0.4142750203609466,0.3587686419486999,-0.4913969039916992,0.4102646708488464,0.375113844871521,-0.5644881129264832,0.402140200138092,0.4019747376441955,-0.6386153697967529,0.3817198872566223,0.4111870527267456,-0.7117664813995361,0.3565446436405182,0.4210532009601593,-0.8667364716529846,0.4441863298416137,0.4610890746116638,-0.9755931496620178,0.4777514338493347,0.4788810014724731,-1.006824612617493,0.5185150504112244,0.4933295249938965,-1.0386110544204712,0.5589171051979065,0.5049490332603455,-0.9084416031837464,0.4663479030132293,0.4839998483657837,-0.9020313024520874,0.4718130230903625,0.6661731004714966,-0.6902427077293396,0.3916098773479461,0.8454092144966125,-0.5161216259002686,0.3855121731758117,0.623154878616333,-0.9139909744262696,0.4558814764022827,0.4673259258270263,-0.9969189167022704,0.3970099091529846,0.318452388048172,-0.9712388515472412,0.3301223814487457,0.0459213703870773,-0.9708886742591858,0.6099143028259277,0.033759769052267,-0.4048446118831634,0.4204060435295105,0.4535984694957733,-0.0088865235447883,0.4992080628871918,0.2660812139511108,0.3955830335617065,0.5801875591278076,0.122604563832283,0.4469997882843017,0.7422283291816711,0.0695549845695495,-0.4618491232395172,0.4569669365882873,0.267325758934021,-0.0473417378962039,0.5119950175285339,0.143648475408554,0.3697634935379028,0.5679038763046265,0.0515001118183136,0.4193370044231415,0.7412546873092651,0.0500969476997852,
3.236792430971302,569,18.966666666666665,-0.4509102404117584,0.4146522879600525,0.3532873094081878,-0.491974800825119,0.4110029339790344,0.3701046109199524,-0.5644840002059937,0.4035495519638061,0.3977671563625335,-0.63798987865448,0.3834446370601654,0.4077748656272888,-0.7108266353607178,0.3602066040039062,0.4188431799411773,-0.8658005595207214,0.4457204937934875,0.4605129957199096,-0.9738858938217164,0.4796840250492096,0.4802310466766357,-1.0066815614700315,0.5182806849479675,0.4946807324886322,-1.0391910076141355,0.5575807690620422,0.5066159963607788,-0.90839022397995,0.4655925333499908,0.4844171702861786,-0.8997460007667542,0.4703043401241302,0.6659272909164429,-0.6869721412658691,0.3891799747943878,0.8416118025779724,-0.5157983303070068,0.3822038471698761,0.6185845136642456,-0.9140523672103882,0.4565427899360657,0.4674384295940399,-0.9968466758728028,0.3990468978881836,0.3185586929321289,-0.9714272022247314,0.3305774331092834,0.0474221408367157,-0.9709959030151368,0.6090969443321228,0.0339128226041793,-0.4047679305076599,0.4206151366233825,0.447255402803421,-0.0088222837075591,0.4985271394252777,0.2629260718822479,0.3949795067310333,0.5798637270927429,0.1225408613681793,0.4472686648368835,0.7408851981163025,0.0692338347434997,-0.4614963829517364,0.4573752880096435,0.2619562149047851,-0.0475080125033855,0.5105611085891724,0.139456570148468,0.3687174022197723,0.5687179565429688,0.0518466830253601,0.4191449582576751,0.741097092628479,0.0495490692555904,
3.2639923673660185,570,19.0,-0.4519294798374176,0.4139591455459595,0.3476508855819702,-0.4927741885185241,0.4102702736854553,0.3648819029331207,-0.5648409128189087,0.4029179215431213,0.3933647274971008,-0.6380141973495483,0.3836273849010467,0.4041051864624023,-0.7102005481719971,0.3599888980388641,0.4156017303466797,-0.8670329451560974,0.4412031471729278,0.4579736888408661,-0.9739278554916382,0.4782499670982361,0.4807732105255127,-1.0068416595458984,0.5171964764595032,0.4958771765232086,-1.0394282341003418,0.5567670464515686,0.5085952281951904,-0.9093562960624696,0.4615310430526733,0.4834333062171936,-0.8975278735160828,0.470479816198349,0.6649237871170044,-0.6833921670913696,0.3853514194488525,0.838441789150238,-0.5140549540519714,0.3808323442935943,0.6129509806632996,-0.9139556884765624,0.4553844332695007,0.46742644906044,-0.9977926015853882,0.3990491926670074,0.318317174911499,-0.9715967178344728,0.3298896551132202,0.0465379394590854,-0.970902383327484,0.6094489097595215,0.0344336256384849,-0.4067499041557312,0.4212948679924011,0.4425045251846313,-0.0092896688729524,0.4987220466136932,0.2597711086273193,0.3964290618896484,0.5812987089157104,0.1228631511330604,0.4481715261936188,0.7434691786766052,0.0706812813878059,-0.4630796909332275,0.4595248103141784,0.2577304542064667,-0.0476991161704063,0.5097617506980896,0.1355510354042053,0.3702111542224884,0.5700300335884094,0.0520847253501415,0.419855535030365,0.7431440353393555,0.049901433289051,
3.2911923037607353,571,19.03333333333333,-0.4523010849952698,0.4151654243469238,0.3423855900764465,-0.4932445585727691,0.4113072752952575,0.3599723279476166,-0.5651875138282776,0.4036914408206939,0.3889872431755066,-0.6377887725830078,0.3838825225830078,0.4003525972366333,-0.7095014452934265,0.3624389767646789,0.4133707284927368,-0.8660153150558472,0.4422120451927185,0.4572457671165466,-0.9725089073181152,0.4796304106712341,0.4816676080226898,-1.0068048238754272,0.5166727304458618,0.4967789351940155,-1.0402065515518188,0.5551860928535461,0.509489119052887,-0.90891695022583,0.4613984525203705,0.4835466742515564,-0.8955523371696472,0.4686106145381927,0.6646696329116821,-0.67992103099823,0.3827760219573974,0.834831178188324,-0.5134478807449341,0.3782248795032501,0.6080328226089478,-0.9137986302375792,0.4548946022987366,0.4675621688365936,-0.9978686571121216,0.4009935855865478,0.3182150721549988,-0.9725854396820068,0.3293020725250244,0.0476088672876358,-0.9713212251663208,0.6081796884536743,0.0345042049884796,-0.4069402813911438,0.4218572974205017,0.4369268715381622,-0.0092506501823663,0.4989991784095764,0.2567639052867889,0.3964792490005493,0.581311821937561,0.1226979941129684,0.4485124051570892,0.742887556552887,0.0703765228390693,-0.4630529880523681,0.4598821103572845,0.2520999014377594,-0.0476702600717544,0.5093337893486023,0.1320051252841949,0.3698698878288269,0.570782482624054,0.0521324910223484,0.4200020730495453,0.7432247400283813,0.0491367727518081,
3.318392240155452,572,19.066666666666663,-0.4533035457134247,0.4147854447364807,0.3373236060142517,-0.4942818284034729,0.4110027253627777,0.355160653591156,-0.5660712718963623,0.4035146236419678,0.3845615088939667,-0.638159990310669,0.3833959996700287,0.3964652717113495,-0.7092288732528687,0.3645757436752319,0.4112437963485718,-0.8653034567832947,0.4428527951240539,0.4567872881889343,-0.9714685678482056,0.4803425967693329,0.4823663532733917,-1.0066934823989868,0.5160661339759827,0.4976186156272888,-1.0411282777786257,0.5531771183013916,0.5102173089981079,-0.9077990651130676,0.4625535607337951,0.4838522672653198,-0.8930961489677429,0.4674705862998962,0.6643193364143372,-0.6763131618499756,0.3816790580749511,0.8315930366516113,-0.5132389664649963,0.3754673898220062,0.6034985184669495,-0.9141632914543152,0.4542704820632934,0.4668790400028229,-0.9988715052604676,0.4014286696910858,0.3178442120552063,-0.9733734726905824,0.3287609219551086,0.0482388138771057,-0.9717124104499816,0.6068952679634094,0.0348096825182437,-0.4073004126548767,0.4213221371173858,0.4312372803688049,-0.0094585455954074,0.4989961385726928,0.2542717158794403,0.395938366651535,0.5815383791923523,0.1229645460844039,0.4488714933395386,0.7414094805717468,0.0689587071537971,-0.4632976651191711,0.4590266644954681,0.2467933297157287,-0.0481269210577011,0.5086526274681091,0.1286181658506393,0.3689591884613037,0.5709712505340576,0.0521011725068092,0.4193783402442932,0.7429299354553223,0.0487790815532207,
3.345592176550169,573,19.1,-0.4533711075782776,0.4164830446243286,0.3327782750129699,-0.4941240847110748,0.4120202660560608,0.3508605360984802,-0.5654944777488708,0.403534322977066,0.3808052539825439,-0.637332558631897,0.3837900161743164,0.3931829035282135,-0.7080156803131104,0.3642885982990265,0.4081450700759887,-0.866007387638092,0.4390220642089844,0.4544855952262878,-0.97171151638031,0.4783277809619903,0.4825778901576996,-1.0066081285476685,0.5148910284042358,0.4985571503639221,-1.0408203601837158,0.552629292011261,0.5121420621871948,-0.9089908599853516,0.456919252872467,0.4830473363399505,-0.8909779191017151,0.4672970771789551,0.663297176361084,-0.6721585988998413,0.3785012662410736,0.8287919163703918,-0.5106817483901978,0.3757344186306,0.5979652404785156,-0.9132406711578368,0.4535531103610992,0.4674103260040283,-0.9992985129356384,0.4031061232089996,0.3179303109645843,-0.9734076261520386,0.3278270065784454,0.0477563850581646,-0.9716482162475586,0.6075937151908875,0.0354400910437107,-0.4090258181095123,0.4239605963230133,0.428083211183548,-0.009548126719892,0.5019055604934692,0.2525818645954132,0.3982095122337341,0.5842287540435791,0.1234603524208068,0.4494433403015136,0.7462655901908875,0.0716786161065101,-0.4658130407333374,0.4609416723251343,0.2420355528593063,-0.0483652427792549,0.5104193091392517,0.126584768295288,0.3711087107658386,0.5722464323043823,0.0523976534605026,0.4201276898384094,0.745592474937439,0.0503053292632103,
3.372792112944886,574,19.133333333333333,-0.4533823728561401,0.4168787002563476,0.3279774785041809,-0.4942551255226135,0.4126094877719879,0.3463768661022186,-0.5656644701957703,0.4043669998645782,0.376808226108551,-0.6371335983276367,0.3839235603809356,0.3897683024406433,-0.7077436447143555,0.3657714426517486,0.4058154821395874,-0.8643155694007874,0.4413698613643646,0.4547432065010071,-0.970102608203888,0.4800367951393127,0.4836905896663666,-1.0060795545578003,0.5150642991065979,0.4998471140861511,-1.0406825542449951,0.5522093772888184,0.5137395858764648,-0.908167839050293,0.4578142464160919,0.4831238389015198,-0.8884229063987732,0.4662107825279236,0.6630375385284424,-0.6679619550704956,0.3775547444820404,0.8258875608444214,-0.509834885597229,0.3739014565944671,0.593166708946228,-0.9128493070602416,0.453489750623703,0.4671975374221802,-0.9999191164970398,0.4043542742729187,0.3180380165576935,-0.9737188816070556,0.3278100490570068,0.0484905466437339,-0.9721962213516236,0.6071979999542236,0.0351963639259338,-0.4091198742389679,0.4232361316680908,0.4232142865657806,-0.0094140330329537,0.5010178089141846,0.2491659969091415,0.3986309766769409,0.5846968293190002,0.123321309685707,0.4500524401664734,0.7463905811309814,0.0714447721838951,-0.4659509062767029,0.4613012671470642,0.2371260374784469,-0.0481563135981559,0.50995272397995,0.1235146671533584,0.3713077306747436,0.5733957886695862,0.052993968129158,0.420527845621109,0.7464298605918884,0.0505523160099983,
3.3999920493396028,575,19.166666666666668,-0.4533428847789764,0.4177113771438598,0.323440670967102,-0.4942063391208648,0.4135113358497619,0.3421053290367126,-0.565413236618042,0.405415415763855,0.3730071187019348,-0.6364337205886841,0.3848442137241363,0.3868722319602966,-0.7070133686065674,0.3677009344100952,0.403471827507019,-0.8635695576667786,0.4416815936565399,0.4542391300201416,-0.969302773475647,0.4799179434776306,0.4839031100273132,-1.0061343908309937,0.5136419534683228,0.5003451704978943,-1.0412211418151855,0.5499852895736694,0.5146337151527405,-0.9083192944526672,0.4564489424228668,0.4828165471553802,-0.8864428997039795,0.4637343883514404,0.6623433232307434,-0.6646019816398621,0.3752349019050598,0.8226072788238525,-0.5094307065010071,0.3712385892868042,0.5884827971458435,-0.9129419326782228,0.4525343775749206,0.4667732417583465,-1.000424027442932,0.4053857922554016,0.3177613019943237,-0.9742026925086976,0.3274016976356506,0.0491669103503227,-0.973046064376831,0.606153666973114,0.034392986446619,-0.4089668691158294,0.4227377772331238,0.4183800816535949,-0.0092755295336246,0.5015976428985596,0.2469188570976257,0.3986586928367615,0.5851176381111145,0.1233104020357132,0.4504282474517822,0.7459628582000732,0.0707346722483635,-0.4660952091217041,0.4610391557216644,0.2321400940418243,-0.0482377409934997,0.5105065703392029,0.1211744919419288,0.371017724275589,0.5735406279563904,0.0526431053876876,0.4203008711338043,0.7462502121925354,0.050288651138544,
3.4271919857343196,576,19.2,-0.453324407339096,0.419241189956665,0.3190553784370422,-0.4941184222698211,0.4147458076477051,0.3379857242107391,-0.5650367140769958,0.4063509404659271,0.3694194257259369,-0.6358217000961304,0.3867802619934082,0.3839819431304931,-0.7056918740272522,0.368895024061203,0.4013756215572357,-0.8644249439239502,0.4381620287895202,0.4521308243274688,-0.9687394499778748,0.4793474674224853,0.4843766689300537,-1.0052450895309448,0.5138210654258728,0.5015864968299866,-1.0403156280517578,0.5504589676856995,0.5167680382728577,-0.9081486463546752,0.4538426995277405,0.4823147654533386,-0.8838983774185181,0.4642582833766937,0.6619089841842651,-0.6602067947387695,0.3733193576335907,0.8202040791511536,-0.5074445009231567,0.3716420233249664,0.58320152759552,-0.91208416223526,0.4524199366569519,0.4668463468551636,-1.001056432723999,0.4054576754570007,0.3178535103797912,-0.9744100570678712,0.326861172914505,0.0482266470789909,-0.9734874367713928,0.6067370176315308,0.034103974699974,-0.4102564752101898,0.424681007862091,0.4151492714881897,-0.0094335479661822,0.5056090354919434,0.2457215636968612,0.4005036652088165,0.5867947340011597,0.1231874302029609,0.4506098926067352,0.7497751712799072,0.0732113346457481,-0.4679204821586609,0.462992250919342,0.227713868021965,-0.048126246780157,0.513812780380249,0.1204175427556037,0.3730857968330383,0.5748578310012817,0.052812710404396,0.4209815263748169,0.7487820982933044,0.0514349192380905,
3.4543919221290365,577,19.23333333333333,-0.4534968137741089,0.4196769595146179,0.3145595192909241,-0.4943243563175201,0.4153089821338653,0.3338088393211365,-0.5651710629463196,0.4070760607719421,0.3657346069812774,-0.6356001496315002,0.3868191242218017,0.3807180523872375,-0.705431342124939,0.3698830604553222,0.3989931344985962,-0.8634589314460754,0.4398044645786285,0.4515831470489502,-0.967728316783905,0.4797088801860809,0.4846466779708862,-1.0050781965255735,0.5129287242889404,0.5020023584365845,-1.0404207706451416,0.5491804480552673,0.5172960758209229,-0.9082018733024596,0.4530982971191406,0.4814473390579223,-0.8826828598976135,0.4613903164863586,0.6609562039375305,-0.6574917435646057,0.3704579770565033,0.8168522119522095,-0.5069050192832947,0.3700500726699829,0.5786258578300476,-0.9121917486190796,0.4506706893444061,0.4659749567508697,-1.0018872022628784,0.4059329926967621,0.3170096576213836,-0.9753361940383912,0.3260284066200256,0.0479058139026165,-0.9739658832550048,0.6057270169258118,0.033779677003622,-0.4106290936470032,0.4238030910491943,0.4106315076351166,-0.0096485270187258,0.5070062875747681,0.2438327670097351,0.4007511436939239,0.5872392058372498,0.1234462410211563,0.4510271549224853,0.7495775818824768,0.072687491774559,-0.4681250154972076,0.4639452397823334,0.2234689593315124,-0.0481048449873924,0.5147074460983276,0.1179881021380424,0.373287945985794,0.5754461288452148,0.053044069558382,0.4215907156467438,0.7489063739776611,0.0511343926191329,
3.4815918585237533,578,19.266666666666666,-0.4536695480346679,0.420213520526886,0.3101354539394378,-0.4943731129169464,0.4158475697040558,0.3294798731803894,-0.5649309754371643,0.4076835811138153,0.361642450094223,-0.6349709630012512,0.3876192271709442,0.3776654601097107,-0.7047455310821533,0.3712242841720581,0.3967067897319793,-0.8622167110443115,0.4406180381774902,0.4512024223804474,-0.9664265513420104,0.4802441000938415,0.4848850965499878,-1.004408597946167,0.5124191045761108,0.5025699734687805,-1.0401673316955566,0.548007071018219,0.5179871320724487,-0.9074890613555908,0.452981948852539,0.4812674522399902,-0.8801103234291077,0.4605001509189605,0.6602916717529297,-0.6536041498184204,0.3707988858222961,0.8138059377670288,-0.5063742399215698,0.3683613538742065,0.5743582248687744,-0.9118843674659728,0.4502159655094147,0.4650908708572387,-1.0023032426834106,0.4062786996364593,0.3166307508945465,-0.975914180278778,0.3257022500038147,0.0482857897877693,-0.9747962951660156,0.604576826095581,0.0328784361481666,-0.4107157289981842,0.4225397408008575,0.4057767391204834,-0.0100844958797097,0.5073229074478149,0.2412509769201278,0.4001770317554474,0.5874063372612,0.12372937053442,0.4510623812675476,0.7483536601066589,0.0715984106063842,-0.4680840671062469,0.4632315039634704,0.2185893356800079,-0.0482511930167675,0.5151134133338928,0.1154916808009147,0.3727881014347076,0.5754673480987549,0.0530548691749572,0.4218040108680725,0.748101532459259,0.0503691360354423,
3.50879179491847,579,19.3,-0.4537179172039032,0.4219740927219391,0.3062116801738739,-0.4945878982543945,0.4164557158946991,0.3251356780529022,-0.5651617646217346,0.4065583944320678,0.3566657900810241,-0.635033369064331,0.388236403465271,0.373745322227478,-0.7040189504623413,0.3706905543804168,0.3936218917369842,-0.8630033135414124,0.4368959665298462,0.448661208152771,-0.9666070342063904,0.4784749150276184,0.4846828877925873,-1.0040900707244873,0.5116829872131348,0.5029363632202148,-1.0400826930999756,0.5475756525993347,0.5188506245613098,-0.9084379076957704,0.4494992792606354,0.4792617857456207,-0.8782768249511719,0.4601823985576629,0.6586881875991821,-0.6497312784194946,0.3687829077243805,0.811220645904541,-0.5047411918640137,0.3677734136581421,0.5686474442481995,-0.9114732146263124,0.4497285783290863,0.4644950926303863,-1.0037692785263062,0.4055227935314178,0.3161614239215851,-0.9766201972961426,0.3240446448326111,0.0465221591293811,-0.9748756885528564,0.6046746969223022,0.0334262736141681,-0.4125109612941742,0.4240188300609588,0.4033133685588836,-0.0106106717139482,0.5096704959869385,0.2393529415130615,0.4018895626068115,0.590801477432251,0.1244938150048255,0.4511737525463104,0.7537252902984619,0.0743293091654777,-0.4702909588813782,0.4661708772182464,0.2149854898452758,-0.0484647750854492,0.5178549289703369,0.1145567372441291,0.3747599124908447,0.5761650204658508,0.0530293881893157,0.422626793384552,0.7500061392784119,0.0514719448983669,
3.535991731313187,580,19.33333333333333,-0.4537508189678192,0.4222775995731354,0.301466554403305,-0.4944688677787781,0.4171625077724457,0.3208244442939758,-0.5647244453430176,0.4079505503177643,0.3530777096748352,-0.6343396306037903,0.3893405199050903,0.3707419037818908,-0.70335453748703,0.3717013299465179,0.3911201953887939,-0.8616496324539185,0.4382219910621643,0.4480658173561096,-0.9654776453971864,0.4781896770000458,0.4847230315208435,-1.0032670497894287,0.5108932256698608,0.5032866597175598,-1.039748191833496,0.5461326837539673,0.5192273855209351,-0.907337486743927,0.4500862658023834,0.4790943264961242,-0.8759474158287048,0.4594327807426452,0.6582649946212769,-0.646098256111145,0.3680452108383178,0.8081282377243042,-0.503993034362793,0.3666439056396484,0.5642613172531128,-0.911186456680298,0.4486392736434936,0.4633371531963348,-1.0047998428344729,0.4054838418960571,0.3157697916030884,-0.9768741130828856,0.3244014680385589,0.0464655086398124,-0.975433588027954,0.6045748591423035,0.0329176895320415,-0.4131956398487091,0.423945277929306,0.3987788259983063,-0.0113264098763465,0.5090503096580505,0.2359534502029419,0.4014336168766022,0.5899722576141357,0.1239919066429138,0.4511713981628418,0.7525641918182373,0.0739088729023933,-0.4703878760337829,0.4669642448425293,0.2105343788862228,-0.0484231039881706,0.5173394680023193,0.1119013950228691,0.3745968639850616,0.5764327645301819,0.0532035455107688,0.4229669868946075,0.749747097492218,0.0510730966925621,
3.563191667707904,581,19.366666666666667,-0.4535884261131286,0.4241284728050232,0.2973328828811645,-0.4940762817859649,0.419236958026886,0.3169389069080353,-0.5639363527297974,0.4104285836219787,0.3496643304824829,-0.6331648230552673,0.3918020725250244,0.3680192232131958,-0.7017837762832642,0.3757297396659851,0.3895681500434875,-0.8609899878501892,0.4381113946437835,0.4468031823635101,-0.9641865491867064,0.4782230257987976,0.4845990240573883,-1.0026966333389282,0.5097289085388184,0.5032121539115906,-1.0392696857452393,0.5446691513061523,0.5192467570304871,-0.9066231846809388,0.4493937194347381,0.4785369634628296,-0.873676598072052,0.4579445719718933,0.6572805643081665,-0.6430490612983704,0.3665235638618469,0.8047223091125488,-0.5034759044647217,0.3648664653301239,0.5601282715797424,-0.911201238632202,0.4470206499099731,0.4621337354183197,-1.0054165124893188,0.4058537185192108,0.3147420287132263,-0.9779822826385498,0.3232172727584839,0.046439129859209,-0.9756977558135986,0.6028496026992798,0.0327043421566486,-0.4129461646080017,0.4248258471488952,0.3943140804767608,-0.0112949982285499,0.5115537643432617,0.2345285415649414,0.4012102484703064,0.5896570682525635,0.1236970797181129,0.4514409899711609,0.7514358758926392,0.0731797665357589,-0.4698904454708099,0.4695150256156921,0.2069515734910965,-0.0483189076185226,0.5189903378486633,0.1101913228631019,0.3741291165351867,0.5758245587348938,0.0525193214416503,0.4228524565696716,0.7487211227416992,0.0507061146199703,
3.5903916041026207,582,19.4,-0.4541566371917724,0.4249110221862793,0.2930609285831451,-0.4945839047431946,0.4198329746723175,0.3128184676170349,-0.5642749071121216,0.4108381569385528,0.3458748459815979,-0.6333881616592407,0.3927571177482605,0.3645437359809875,-0.7013511061668396,0.3755304217338562,0.386539101600647,-0.861879289150238,0.435043066740036,0.4440583288669586,-0.964356541633606,0.4766772985458374,0.484115719795227,-1.0022108554840088,0.5092565417289734,0.5033279061317444,-1.0388261079788208,0.5445313453674316,0.519919753074646,-0.9067819118499756,0.4460375905036926,0.4772423207759857,-0.8716750741004944,0.4573677778244018,0.6560258865356445,-0.6387419104576111,0.3665559589862823,0.8024963736534119,-0.5017237067222595,0.3651930391788482,0.5551941394805908,-0.9107496738433838,0.4468430578708648,0.4615111351013183,-1.0067204236984253,0.4053045511245727,0.3146297335624695,-0.9780901670455932,0.3221319019794464,0.0455106161534786,-0.976261556148529,0.6029603481292725,0.032587494701147,-0.4149329364299774,0.4255186915397644,0.3911258280277252,-0.012006253004074,0.5116217136383057,0.2321877181529998,0.4021489918231964,0.5896857976913452,0.1227505356073379,0.4508983492851257,0.7535642385482788,0.0750987231731414,-0.4718009829521179,0.4721401929855346,0.203542023897171,-0.0486467219889164,0.5207023620605469,0.108745165169239,0.3755391240119934,0.575157880783081,0.0517423152923584,0.4229892790317535,0.7493000626564026,0.0513887628912925,
3.6175915404973376,583,19.433333333333334,-0.4541684687137604,0.4254148006439209,0.2882731556892395,-0.4945627748966217,0.4204458892345428,0.3083255589008331,-0.564111590385437,0.4116295576095581,0.341880053281784,-0.6329552531242371,0.3931252658367157,0.3609671890735626,-0.7002241611480713,0.378097653388977,0.3845769166946411,-0.8607349395751953,0.4361848831176758,0.4429825246334076,-0.963241457939148,0.4767085909843445,0.483981728553772,-1.0016353130340576,0.5084192156791687,0.5033780932426453,-1.038543939590454,0.5432688593864441,0.5199980735778809,-0.9060872793197632,0.4467408061027527,0.4760556221008301,-0.869557797908783,0.4558814764022827,0.6547911763191223,-0.6351320147514343,0.3658877611160278,0.799120306968689,-0.5009784698486328,0.3636435270309448,0.5505424737930298,-0.910490870475769,0.4459560811519623,0.4602205157279968,-1.0075879096984863,0.4048731029033661,0.3138085603713989,-0.979653000831604,0.3202923238277435,0.0450742170214653,-0.97624409198761,0.6010022163391113,0.0323417373001575,-0.4153709411621094,0.4243443012237549,0.3863787055015564,-0.0122307855635881,0.5082491040229797,0.2271354049444198,0.4019995927810669,0.5897799730300903,0.1220846101641655,0.4514179527759552,0.7530110478401184,0.0739360973238945,-0.4722220003604889,0.4719836413860321,0.1985261738300323,-0.0486415177583694,0.5197080969810486,0.1058273166418075,0.3754175007343292,0.5760437250137329,0.0516387559473514,0.4233289361000061,0.7497782111167908,0.05094925314188,
3.6447914768920544,584,19.466666666666665,-0.4543036818504333,0.4262666702270508,0.2839065790176391,-0.4947769045829773,0.4208890199661255,0.3040048778057098,-0.5643019676208496,0.4114705622196197,0.3376453220844269,-0.6328446865081787,0.3928321003913879,0.3574481308460235,-0.6993376016616821,0.3802969455718994,0.3827080130577087,-0.8601481914520264,0.4356606602668762,0.4418807327747345,-0.962486207485199,0.4760866165161133,0.4833703637123108,-1.0012304782867432,0.507078230381012,0.5030223727226257,-1.0386178493499756,0.5412476062774658,0.5194330811500549,-0.9057737588882446,0.4458213746547699,0.4752463698387146,-0.8675054311752319,0.4542351365089416,0.6536077260971069,-0.6313760876655579,0.3665513098239898,0.79571533203125,-0.4998309314250946,0.3628996610641479,0.5462275147438049,-0.910372793674469,0.4448980093002319,0.4593309760093689,-1.008033037185669,0.4053813815116882,0.3129934668540954,-0.980800986289978,0.319087266921997,0.0449739918112754,-0.9765962958335876,0.5994932651519775,0.0318835563957691,-0.415915310382843,0.4232814013957977,0.3818684816360473,-0.0128642413765192,0.5053290128707886,0.2224667370319366,0.4012152850627899,0.5899495482444763,0.1218030303716659,0.4518155455589294,0.7522873878479004,0.0731957480311393,-0.4725709557533264,0.4725823104381561,0.1941801756620407,-0.0489533655345439,0.5188943147659302,0.102964200079441,0.3748225569725036,0.5757677555084229,0.051236730068922,0.4232840836048126,0.7491647005081177,0.0510481484234333,
3.6719914132867713,585,19.5,-0.4546249508857727,0.4266059100627899,0.279388815164566,-0.4950570464134216,0.4208318889141083,0.2995083630084991,-0.564422607421875,0.4108807146549225,0.3332751393318176,-0.6327592730522156,0.3937607407569885,0.354335606098175,-0.6989456415176392,0.3786817491054535,0.379310667514801,-0.860296905040741,0.4337180554866791,0.4398465752601623,-0.9621607661247252,0.4751186370849609,0.4832537770271301,-1.0004146099090576,0.5071456432342529,0.5032678246498108,-1.037380933761597,0.5421432256698608,0.5201563239097595,-0.9063820838928224,0.4421233534812927,0.4735020995140075,-0.8658676147460938,0.4528670310974121,0.6519476771354675,-0.6273959875106812,0.3651874661445617,0.7927481532096863,-0.4977271556854248,0.3625932931900024,0.5409355759620667,-0.9096840620040894,0.444960743188858,0.4593947827816009,-1.0087724924087524,0.4053199291229248,0.3131541311740875,-0.9812968969345092,0.3187834620475769,0.0439937449991703,-0.9766016006469728,0.6005893349647522,0.0319580845534801,-0.4177277386188507,0.4240308701992035,0.3786396384239197,-0.0135811902582645,0.5036396384239197,0.21819669008255,0.4023518562316894,0.5899585485458374,0.1207320392131805,0.4515855014324188,0.7542409896850586,0.0743684843182563,-0.4746154546737671,0.4750913977622986,0.1907680630683899,-0.0491775870323181,0.518969714641571,0.1013334766030311,0.3763843476772308,0.5751538276672363,0.0505068488419055,0.4234842956066131,0.7499026656150818,0.0515818409621715,
3.699191349681488,586,19.53333333333333,-0.4545423984527588,0.4274521470069885,0.275379329919815,-0.4948222041130066,0.421734482049942,0.2957847118377685,-0.5638726949691772,0.411919504404068,0.3300602436065674,-0.6318631172180176,0.3949571847915649,0.3519623875617981,-0.6979938745498657,0.3807863295078277,0.3775489926338196,-0.8597853779792786,0.4332702159881592,0.4386504292488098,-0.961232602596283,0.4743950963020324,0.4826812148094177,-0.9998568892478944,0.5056830048561096,0.5028866529464722,-1.0370995998382568,0.5401523113250732,0.519798994064331,-0.9063133001327516,0.4408928453922272,0.4727153182029724,-0.8636382818222046,0.4518248736858368,0.6506385803222656,-0.6240010261535645,0.365399032831192,0.7893670201301575,-0.4967887699604034,0.3617368936538696,0.5368722677230835,-0.9095946550369264,0.4435389935970306,0.4583358764648437,-1.0094599723815918,0.4050912261009216,0.3126069605350494,-0.9820737242698668,0.3183638155460357,0.0440140105783939,-0.9767609238624572,0.5997353792190552,0.0319219976663589,-0.417794406414032,0.4231212735176086,0.3742705285549164,-0.0136974519118666,0.5019513964653015,0.2147305756807327,0.401912659406662,0.5902180075645447,0.1207350045442581,0.4517630934715271,0.7533036470413208,0.0728195905685424,-0.4745348691940307,0.4753820896148681,0.1865931153297424,-0.0492154024541378,0.5180411338806152,0.0987811163067817,0.3758135735988617,0.5751302242279053,0.0503353588283062,0.4235666990280151,0.7492677569389343,0.0512413382530212,
3.7263912860762045,587,19.566666666666663,-0.4544074237346649,0.4292640388011932,0.2721201479434967,-0.4945842027664184,0.4232335090637207,0.2924433946609497,-0.5634097456932068,0.4129676222801208,0.3266537189483642,-0.6310434937477112,0.3963067531585693,0.3493515849113464,-0.6970425844192505,0.3825934529304504,0.3755892515182495,-0.8589012026786804,0.4332275092601776,0.4375423192977905,-0.9601036310195924,0.4738296568393707,0.4819670915603637,-0.9992632865905762,0.5040386319160461,0.502314031124115,-1.036731243133545,0.5380210876464844,0.519281268119812,-0.9057061672210692,0.4395331144332886,0.4719937145709991,-0.8613783717155457,0.4509119391441345,0.6493663191795349,-0.6209671497344971,0.3645827174186706,0.7856282591819763,-0.495895117521286,0.360292375087738,0.5327303409576416,-0.909048557281494,0.4425938725471496,0.4574103951454162,-1.0093059539794922,0.4060757756233215,0.3116949498653412,-0.9836538434028624,0.3172277510166168,0.0441074967384338,-0.9772591590881348,0.598007082939148,0.031020225957036,-0.4175293147563934,0.4239397644996643,0.3706481754779815,-0.0139188058674335,0.5010692477226257,0.2110983431339264,0.4014322459697723,0.5901005864143372,0.1205174177885055,0.4519171416759491,0.7522528767585754,0.0718224123120307,-0.4741749465465545,0.4771982431411743,0.1834785640239715,-0.0491779521107673,0.5182049870491028,0.0968103408813476,0.3752640187740326,0.575392484664917,0.0505103506147861,0.4235892295837402,0.7489299774169922,0.0513100400567054,
3.7535912224709214,588,19.6,-0.4544392228126526,0.4316234290599823,0.2690056562423706,-0.4943034946918487,0.4256013631820678,0.2895274758338928,-0.5626781582832336,0.4154168665409088,0.3241934180259704,-0.6301559209823608,0.3991253972053528,0.3472985327243805,-0.6959376335144043,0.383766621351242,0.3734117150306701,-0.8588434457778931,0.4322074353694916,0.4360226988792419,-0.9594945311546326,0.4739819169044494,0.4819790720939636,-0.9980148673057556,0.5052801370620728,0.5027878880500793,-1.0353164672851562,0.5397858619689941,0.5201736688613892,-0.905991792678833,0.4372218549251556,0.470409631729126,-0.8595589995384216,0.4494678974151611,0.647795557975769,-0.6167590022087097,0.3656444549560547,0.7831830978393555,-0.4940712451934814,0.3609587550163269,0.5283152461051941,-0.907701313495636,0.4443980157375335,0.4574753642082214,-1.0087270736694336,0.4069485664367676,0.3117841184139251,-0.9838343262672424,0.3170947432518005,0.0435280203819274,-0.9774490594863892,0.5988315343856812,0.0318034775555133,-0.4186241924762726,0.4266480207443237,0.3683508634567261,-0.0140484971925616,0.5049009323120117,0.2110023945569992,0.4026157259941101,0.592475414276123,0.1212488636374473,0.4522234797477722,0.7557494044303894,0.0737045183777809,-0.4758311510086059,0.4783874750137329,0.1796204149723053,-0.0492711849510669,0.5205234289169312,0.0963264480233192,0.3765439987182617,0.5771055221557617,0.0512371659278869,0.4246860146522522,0.7510862350463867,0.0517720952630043,
3.780791158865638,589,19.633333333333333,-0.4547493457794189,0.4329174757003784,0.2653530836105346,-0.4943439066410064,0.4270281195640564,0.2861292362213135,-0.5623461604118347,0.4170136749744415,0.321241945028305,-0.6295817494392395,0.4001607894897461,0.3444772064685821,-0.6949464678764343,0.3862479031085968,0.3718695640563965,-0.8574927449226379,0.433899462223053,0.4355871677398681,-0.9579917192459106,0.474408745765686,0.4818683564662933,-0.9968416094779968,0.5049905776977539,0.5027990341186523,-1.0341036319732666,0.5392573475837708,0.520345151424408,-0.9053029417991638,0.4364760518074035,0.469383180141449,-0.8565877676010132,0.4490765333175659,0.6460472941398621,-0.6128358840942383,0.367133617401123,0.7798997759819031,-0.4930372238159179,0.3610281646251678,0.5243878960609436,-0.9070513248443604,0.4438592791557312,0.4561990797519684,-1.0087988376617432,0.4072187542915344,0.3110959231853485,-0.9844815731048584,0.3164626955986023,0.0436747744679451,-0.9769414067268372,0.5978187322616577,0.0326512679457664,-0.4184826016426086,0.4278766810894012,0.3643012940883636,-0.0140800774097442,0.5040333867073059,0.208233430981636,0.4019775986671448,0.5923300981521606,0.1209687665104866,0.4528120160102844,0.7543134689331055,0.0726391226053237,-0.4755400419235229,0.4794312417507171,0.1758979558944702,-0.049234252423048,0.5201826691627502,0.0942437276244163,0.3759165406227112,0.5766700506210327,0.0506599619984626,0.4249648451805115,0.7498703002929688,0.0508933328092098,
3.807991095260355,590,19.666666666666668,-0.4546891748905182,0.4344109296798706,0.2622455954551697,-0.4941842555999756,0.4286077618598938,0.2831770479679107,-0.561991274356842,0.4187369346618652,0.3185572326183319,-0.6290112137794495,0.4017615914344787,0.3420964181423187,-0.6939069032669067,0.3893607556819916,0.3707336187362671,-0.8566312193870544,0.4347827732563019,0.4349457621574402,-0.9565626978874208,0.474647045135498,0.4816678166389465,-0.9959744811058044,0.5039554238319397,0.5026305913925171,-1.0332342386245728,0.5377739071846008,0.5204987525939941,-0.904749631881714,0.4359570741653442,0.4682583212852478,-0.8544061779975891,0.44708913564682,0.6443233489990234,-0.6096301078796387,0.3670811355113983,0.7762894630432129,-0.4922323524951935,0.360182523727417,0.5203459858894348,-0.9066585302352904,0.4415607452392578,0.4551892280578613,-1.0090254545211792,0.4081881642341614,0.3104465007781982,-0.9847821593284608,0.3161499500274658,0.0441140383481979,-0.9765638709068298,0.5970677733421326,0.0332073979079723,-0.4182688593864441,0.4286728203296661,0.3608604967594147,-0.0140847107395529,0.5044324994087219,0.2063803374767303,0.4015137255191803,0.5924574732780457,0.1209105998277664,0.4537474811077118,0.7531386613845825,0.0717446878552436,-0.4751715958118438,0.47957843542099,0.172274649143219,-0.0491687208414077,0.5204805731773376,0.092552050948143,0.3752519786357879,0.5774602293968201,0.0508453771471977,0.4255175292491913,0.7497854232788086,0.050555694848299,
3.835191031655072,591,19.7,-0.454409122467041,0.4369714558124542,0.2601131200790405,-0.4936504065990448,0.4314845502376556,0.2811723351478576,-0.5611299872398376,0.4221902191638946,0.3168916702270508,-0.6279653310775757,0.4049640893936157,0.340783417224884,-0.6927999258041382,0.3900379836559295,0.36842742562294,-0.8553250432014465,0.435623824596405,0.4339217841625213,-0.9566635489463806,0.4728734791278839,0.4808539450168609,-0.9950286149978638,0.5036905407905579,0.5022734999656677,-1.0323249101638794,0.5378102660179138,0.5205024480819702,-0.90345960855484,0.4379048347473144,0.467361569404602,-0.8524550199508667,0.4457352757453918,0.6433929204940796,-0.6056012511253357,0.3672119081020355,0.7736618518829346,-0.4908410310745239,0.3613842129707336,0.5157748460769653,-0.905683159828186,0.4427730143070221,0.4547049701213836,-1.0090659856796265,0.4091241061687469,0.3104583919048309,-0.98422110080719,0.3168769180774688,0.0436955355107784,-0.975880801677704,0.5986397862434387,0.0346226692199707,-0.4191356301307678,0.4313114285469055,0.3594898879528045,-0.0144571056589484,0.507024347782135,0.2053232938051223,0.4022100269794464,0.5950644016265869,0.1215615719556808,0.4537316262722015,0.756742537021637,0.0734802186489105,-0.4765553474426269,0.4812392592430115,0.1696381270885467,-0.0494823679327964,0.5224197506904602,0.0920706912875175,0.3760457336902618,0.5782412886619568,0.0513519495725631,0.4260650277137756,0.7509641051292419,0.0508191399276256,
3.8623909680497888,592,19.73333333333333,-0.4547407031059265,0.4382353127002716,0.2572311758995056,-0.4938230514526367,0.43260258436203,0.2783763110637665,-0.56099534034729,0.4231109619140625,0.3142559826374054,-0.6275285482406616,0.4063112735748291,0.3387359976768493,-0.6919759511947632,0.3925074338912964,0.3675117790699005,-0.8540390133857727,0.4372756779193878,0.4337912797927856,-0.954863667488098,0.4740737676620483,0.4807000458240509,-0.9938374161720276,0.5035024285316467,0.5020949840545654,-1.031316161155701,0.5369863510131836,0.5203500390052795,-0.9026930928230286,0.4380215406417846,0.4662244915962219,-0.8504041433334351,0.4439431726932525,0.6415712237358093,-0.6030836701393127,0.3670470118522644,0.7700833678245544,-0.4901183247566223,0.361112117767334,0.5123974084854126,-0.9049600958824158,0.4418379366397857,0.4532864391803741,-1.0087568759918213,0.4101736545562744,0.3095763325691223,-0.9846990704536438,0.3165142834186554,0.0442166030406951,-0.97601580619812,0.5974486470222473,0.0347452126443386,-0.4186684787273407,0.4320384860038757,0.3558661639690399,-0.0144687155261635,0.506548285484314,0.2030671536922454,0.4012929201126098,0.5945579409599304,0.121008962392807,0.4537968635559082,0.7554472088813782,0.0732640847563743,-0.4755829572677612,0.4826412796974182,0.1669939458370208,-0.0492361895740032,0.5232017040252686,0.0907613262534141,0.3751228749752044,0.5796912908554077,0.0516731180250644,0.4261222779750824,0.7513277530670166,0.0506172068417072,
3.8895909044445056,593,19.766666666666666,-0.4547268748283386,0.4410008192062378,0.2554699182510376,-0.4936421513557434,0.4349495768547058,0.2764905989170074,-0.5605298280715942,0.4248379170894623,0.3122265934944153,-0.626694917678833,0.4088028371334076,0.337588757276535,-0.6909128427505493,0.3963195979595184,0.3672959208488464,-0.8530440330505371,0.4386270046234131,0.4338906705379486,-0.9534242749214172,0.475133329629898,0.4804953932762146,-0.99331396818161,0.5023689866065979,0.5016047954559326,-1.0310351848602295,0.53497713804245,0.519913911819458,-0.9020349383354188,0.4373694062232971,0.4653844833374023,-0.8477814197540283,0.4435812532901764,0.6397711038589478,-0.6002123951911926,0.3683265149593353,0.7666468620300293,-0.4895798563957214,0.360620766878128,0.509286105632782,-0.9045554399490356,0.4415260553359985,0.4517870843410492,-1.0086971521377563,0.4104057550430298,0.3090018332004547,-0.984915256500244,0.3166095614433288,0.044899396598339,-0.9756808280944824,0.5964816212654114,0.0350451208651065,-0.4179863035678863,0.4328139722347259,0.3529872596263885,-0.0146478619426488,0.5084955096244812,0.2024777978658676,0.4000489413738251,0.5948262214660645,0.1212340146303176,0.453991562128067,0.7536488175392151,0.0717817842960357,-0.4748156070709228,0.4826108515262604,0.1644706726074218,-0.0495236739516258,0.5239077806472778,0.0896728634834289,0.3734473288059234,0.5805103182792664,0.0521739721298217,0.4259512424468994,0.7506869435310364,0.0499265268445014,
3.9167908408392225,594,19.8,-0.4544532895088196,0.4427368640899658,0.2533194720745086,-0.4930846393108368,0.4369698166847229,0.2747321128845215,-0.5595903396606445,0.4272466897964477,0.3110876381397247,-0.6255991458892822,0.410475492477417,0.3364153802394867,-0.6894752979278564,0.3996823728084564,0.3671182692050934,-0.8520607352256775,0.43925341963768,0.4333235919475555,-0.9521350860595704,0.4759136736392975,0.4802239835262298,-0.9924312233924866,0.5023283958435059,0.5014693140983582,-1.0301549434661863,0.5346170663833618,0.5200145840644836,-0.9012877941131592,0.4373702704906463,0.4645237624645233,-0.845564603805542,0.4429955184459686,0.6383420825004578,-0.5974299311637878,0.3691564202308655,0.7641992568969727,-0.4885225594043731,0.3611173629760742,0.5065431594848633,-0.9040080308914183,0.4417821764945984,0.4510128796100616,-1.008154273033142,0.4110969603061676,0.3083436787128448,-0.9851845502853394,0.3167243003845215,0.0447834432125091,-0.9756113290786744,0.5961645245552063,0.0354147851467132,-0.4178102016448974,0.4355207085609436,0.3508395254611969,-0.0146270217373967,0.5096561312675476,0.2015790343284607,0.3995618522167206,0.5957026481628418,0.1212203353643417,0.4536170065402984,0.7548674941062927,0.073031336069107,-0.4745456278324127,0.4840449690818786,0.1622609347105026,-0.0492745339870452,0.5256249308586121,0.0892261266708374,0.3733120858669281,0.5824734568595886,0.0529600158333778,0.4258222579956054,0.7526008486747742,0.0512183643877506,
3.9439907772339393,595,19.83333333333333,-0.4543888866901397,0.4439989626407623,0.2511663138866424,-0.4929822385311126,0.4379635751247406,0.2724992930889129,-0.5593578815460205,0.4278588891029358,0.308726966381073,-0.6251496076583862,0.4115445911884308,0.3344166874885559,-0.6886103749275208,0.4013173878192901,0.3659142255783081,-0.8505881428718567,0.4410152435302734,0.4327152669429779,-0.950644075870514,0.4766072332859039,0.4796391129493713,-0.9912015199661256,0.502409815788269,0.5009957551956177,-1.0290591716766355,0.534260094165802,0.5196273922920227,-0.9004173278808594,0.4377396702766418,0.4627626836299896,-0.8433176279067993,0.4428520500659942,0.6362424492835999,-0.5948876738548279,0.3701288998126983,0.76121985912323,-0.4883942008018493,0.3606277406215668,0.5032526850700378,-0.9029995799064636,0.4424588978290558,0.449692964553833,-1.0076451301574707,0.4117526412010193,0.3074000775814056,-0.986180543899536,0.3160817623138428,0.0446418896317482,-0.9756262898445128,0.5950673222541809,0.0352651923894882,-0.4173987805843353,0.4358228743076324,0.3481341302394867,-0.0144366919994354,0.5105297565460205,0.2004082947969436,0.3992808759212494,0.5966206789016724,0.1215522140264511,0.45401531457901,0.7543824911117554,0.0717939957976341,-0.4740360677242279,0.4841796159744262,0.1597113758325576,-0.0490928813815116,0.5268741846084595,0.0882706046104431,0.3728927075862884,0.5838712453842163,0.0534608140587806,0.4261167347431183,0.753123939037323,0.050573393702507,
3.971190713628656,596,19.866666666666667,-0.4547805190086365,0.4432919323444366,0.2483042478561401,-0.4932428002357483,0.4374962151050567,0.2698535323143005,-0.5593616366386414,0.4278081357479095,0.3064359426498413,-0.6249119639396667,0.4117860198020935,0.3325495421886444,-0.6878343224525452,0.403290331363678,0.364904910326004,-0.8496593236923218,0.4411845803260803,0.4319133162498474,-0.9496254324913024,0.4766992926597595,0.4788232743740082,-0.990548849105835,0.5016484260559082,0.5002992749214172,-1.028603196144104,0.5329737067222595,0.5189788341522217,-0.8995925188064575,0.4376806914806366,0.4619102776050567,-0.8413172960281372,0.4426279664039612,0.6347513794898987,-0.5925339460372925,0.3709431290626526,0.7584195137023926,-0.4881994128227234,0.3595876097679138,0.5003106594085693,-0.9023112058639526,0.4423525333404541,0.4486275911331177,-1.007231831550598,0.4128551185131073,0.3067153096199035,-0.9864448308944702,0.3163151741027832,0.0448571592569351,-0.975185751914978,0.5948148965835571,0.03553356975317,-0.4172751307487488,0.4353871345520019,0.3448110222816467,-0.0145030673593282,0.5095479488372803,0.1984105408191681,0.3984782993793487,0.5971410274505615,0.1217478066682815,0.4542639553546905,0.7535738945007324,0.0706799998879432,-0.4736187160015106,0.483353316783905,0.1568396985530853,-0.0491515211760997,0.5267332792282104,0.0868704840540885,0.3720459342002868,0.5845457315444946,0.0533500090241432,0.4259203374385834,0.7531678676605225,0.0500445514917373,
3.998390650023373,597,19.9,-0.4551879167556762,0.4429506957530975,0.245756521821022,-0.4934349954128265,0.4373006224632263,0.2673833966255188,-0.5592037439346313,0.4279288649559021,0.3041893541812897,-0.6244760751724243,0.412971943616867,0.3310662508010864,-0.6873939037322998,0.4018141627311706,0.3623204231262207,-0.8492580652236938,0.4401410222053528,0.4300037920475006,-0.9492095708847046,0.4761286973953247,0.4779670536518097,-0.9891619086265564,0.502709686756134,0.4997772872447967,-1.0267832279205322,0.5347607135772705,0.5188767313957214,-0.8987749814987183,0.437021404504776,0.4606518149375915,-0.8395099639892578,0.442968338727951,0.6335249543190002,-0.5893353819847107,0.3718027472496032,0.7562459707260132,-0.4873424470424652,0.3595688343048095,0.496577501296997,-0.9008966684341432,0.4448751807212829,0.4478588700294494,-1.006739377975464,0.4128768444061279,0.3063755333423614,-0.9872432947158812,0.3154203593730926,0.0438636541366577,-0.9752877354621888,0.5947421193122864,0.0357700586318969,-0.418221652507782,0.4363227486610412,0.3428348004817962,-0.0143679697066545,0.5117306709289551,0.1984127014875412,0.399372398853302,0.600030779838562,0.1222844943404197,0.4535770714282989,0.757242739200592,0.0710067674517631,-0.4743282496929168,0.4856158494949341,0.1555541604757309,-0.0489850528538227,0.5274945497512817,0.0864085033535957,0.3730337619781494,0.5853956341743469,0.0536394231021404,0.4256832003593445,0.7546054124832153,0.0498066581785678,
4.025590586418089,598,19.933333333333334,-0.4557322859764099,0.441423237323761,0.2424949705600738,-0.4938361942768097,0.4360520243644714,0.2644586861133575,-0.5593264102935791,0.4271211624145508,0.3017922639846802,-0.6244176030158997,0.4117112457752228,0.3286841213703155,-0.6869727969169617,0.4023032784461975,0.3607288002967834,-0.8485496640205383,0.4405010938644409,0.4288150668144226,-0.9481065273284912,0.4763553142547607,0.4773092269897461,-0.9883105754852296,0.5024808645248413,0.4992059767246246,-1.0256038904190063,0.5346744656562805,0.5185431241989136,-0.897823691368103,0.4377040266990661,0.4598559737205505,-0.8379676342010498,0.4422521293163299,0.632461428642273,-0.586909294128418,0.3728558421134949,0.7538873553276062,-0.4870854914188385,0.3591625392436981,0.4936705231666565,-0.9004143476486206,0.4437543451786041,0.4472080767154693,-1.0062313079833984,0.4136651456356048,0.3055605590343475,-0.9874022603034972,0.3157595098018646,0.0434202626347541,-0.9754632711410522,0.5948711633682251,0.035530935972929,-0.4186121225357055,0.434304267168045,0.3393744528293609,-0.0143900653347373,0.5089106559753418,0.1959176957607269,0.3990333378314972,0.5993210077285767,0.1218381747603416,0.4540649652481079,0.7558797001838684,0.0698895901441574,-0.4744412899017334,0.4852579832077026,0.1528741866350174,-0.0490631870925426,0.5264111161231995,0.084631472826004,0.3725985288619995,0.5856460332870483,0.0532171577215194,0.4257592558860779,0.7545331716537476,0.0490500181913375,
4.052790522812806,599,19.966666666666665,-0.4559715390205383,0.4412935376167297,0.240140825510025,-0.4939367175102234,0.4359394609928131,0.2622633874416351,-0.5591471791267395,0.4270959794521332,0.2998704016208648,-0.6239408254623413,0.4125538170337677,0.3275787830352783,-0.686738133430481,0.4034192860126495,0.3596526980400085,-0.8476521372795105,0.4418040812015533,0.4285996854305267,-0.9468265771865844,0.4772062003612518,0.4768703877925873,-0.9875440001487732,0.5019568204879761,0.4986772537231445,-1.025335669517517,0.5331544280052185,0.5177255868911743,-0.8968050479888916,0.4378337264060974,0.4595089852809906,-0.8357208371162415,0.4431951642036438,0.6313163638114929,-0.5847625732421875,0.3746975064277649,0.7514995336532593,-0.4867188036441803,0.3592004179954529,0.4917095005512237,-0.9000821113586426,0.4436170160770416,0.4457745254039764,-1.0057724714279177,0.4141541421413421,0.3044676780700683,-0.9880470037460328,0.3151125609874725,0.0436502024531364,-0.9755203127861024,0.593413233757019,0.035831980407238,-0.4180173575878143,0.4340501427650451,0.3362624645233154,-0.0142550729215145,0.5085493922233582,0.1946187615394592,0.3981091976165771,0.5990684032440186,0.1217100322246551,0.4542823731899261,0.7542428374290466,0.0688859596848487,-0.4736949205398559,0.4832589328289032,0.1498869657516479,-0.0489962846040725,0.5255182981491089,0.0834636986255645,0.3715531826019287,0.584957480430603,0.0525908321142196,0.4255048930644989,0.7529892325401306,0.0481577105820179,
4.079990459207523,600,20.0,-0.4553682506084442,0.4412788152694702,0.2380015254020691,-0.4933353662490845,0.4358925819396972,0.2602691054344177,-0.5584288835525513,0.4270840585231781,0.298080712556839,-0.6229815483093262,0.4136399030685425,0.3265607357025146,-0.6860402226448059,0.4049355089664459,0.3586809039115906,-0.8470703363418579,0.442068338394165,0.4281431436538696,-0.945584774017334,0.4781928062438965,0.4763804972171783,-0.9869173765182496,0.5015761256217957,0.4980586767196655,-1.0251715183258057,0.531911313533783,0.5170281529426575,-0.896084189414978,0.4373659491539001,0.4591075778007507,-0.8331919312477112,0.4440391957759857,0.630058765411377,-0.5820950269699097,0.3767606019973755,0.7497639656066895,-0.4866267442703247,0.3591634631156921,0.4897209703922272,-0.8999288082122803,0.4423743486404419,0.4449405968189239,-1.0058479309082031,0.4135540425777435,0.3041054606437683,-0.9874699711799622,0.3157880902290344,0.0435662344098091,-0.9752975702285768,0.5936385989189148,0.0367077700793743,-0.4170653820037842,0.4351919889450073,0.3338601589202881,-0.0134705193340778,0.509297251701355,0.1942660808563232,0.398090660572052,0.5999392867088318,0.1218252629041671,0.4535828530788421,0.7561381459236145,0.0713176056742668,-0.4729603826999664,0.4830362498760223,0.1476805210113525,-0.0482970960438251,0.5261995196342468,0.0835701823234558,0.3716440200805664,0.5869171619415283,0.0539365336298942,0.4256528615951538,0.7548118829727173,0.049737773835659,
4.10719039560224,601,20.03333333333333,-0.4548152089118957,0.4419674277305603,0.236716628074646,-0.4926486015319824,0.4365626573562622,0.2589898705482483,-0.5575218796730042,0.4277639389038086,0.2968458831310272,-0.6218751072883606,0.4150268733501434,0.3258849382400512,-0.6852457523345947,0.4061220586299896,0.3579305410385132,-0.8459928631782532,0.4438695311546325,0.4279018938541412,-0.9436212182044984,0.4801491200923919,0.4765216708183288,-0.9854646325111388,0.5022409558296204,0.4980820119380951,-1.0236738920211792,0.5322052240371704,0.5172352194786072,-0.8950045704841614,0.4371702969074249,0.4584071338176727,-0.8310752511024475,0.4448943138122558,0.6288301348686218,-0.5798878073692322,0.3789553344249725,0.7477278113365173,-0.4864906668663025,0.3590519726276397,0.4878657460212707,-0.8993056416511536,0.4425389468669891,0.4434309303760528,-1.005797028541565,0.4128429591655731,0.303448885679245,-0.9880345463752748,0.3159410953521728,0.0432783998548984,-0.975283980369568,0.5930952429771423,0.0370983555912971,-0.416150838136673,0.4338634610176086,0.3317107558250427,-0.0133706126362085,0.5074898600578308,0.1922320574522018,0.3971284925937652,0.5997865796089172,0.1220182031393051,0.4531430900096893,0.7550312876701355,0.0707161575555801,-0.4721904695034027,0.481312096118927,0.1456528455018997,-0.0482758730649948,0.5253388285636902,0.0823892056941986,0.3707227706909179,0.586461067199707,0.053842008113861,0.42529296875,0.7537524104118347,0.0496271960437297,
4.134390331996957,602,20.066666666666663,-0.4547556936740875,0.4411265552043915,0.2347460687160492,-0.4924529790878296,0.4358336627483368,0.2570701837539673,-0.5571041107177734,0.427243709564209,0.2950415909290313,-0.6213118433952332,0.4150393009185791,0.3244929909706116,-0.6849072575569153,0.405987411737442,0.3565462529659271,-0.8453565835952759,0.4444761574268341,0.4268208146095276,-0.9419294595718384,0.48130863904953,0.4762043952941894,-0.984233260154724,0.5023444890975952,0.4976416230201721,-1.0222792625427246,0.5322374105453491,0.5168761610984802,-0.8943551182746887,0.4363734424114227,0.4572676122188568,-0.8294894695281982,0.4448705911636352,0.627213716506958,-0.5781385898590088,0.3801471292972564,0.7453013062477112,-0.4865486323833465,0.3580071330070495,0.4856269657611847,-0.8989186882972717,0.4421623349189758,0.4420280456542969,-1.0056419372558594,0.411989688873291,0.302430659532547,-0.9889766573905944,0.3151249289512634,0.042692631483078,-0.9754313230514526,0.5918008685112,0.0371118485927581,-0.4157004654407501,0.431998461484909,0.3290990591049194,-0.0133593706414103,0.5053492188453674,0.190099686384201,0.3963091969490051,0.5996491312980652,0.1224197670817375,0.4530655145645141,0.7538602948188782,0.0699808225035667,-0.4716776609420776,0.4796430766582489,0.1434070616960525,-0.0482281222939491,0.5236576199531555,0.0808303132653236,0.3699385523796081,0.586067259311676,0.0538719743490219,0.4251933991909027,0.7528208494186401,0.0494240634143352,
4.161590268391674,603,20.1,-0.4544169008731842,0.4405768811702728,0.2328938692808151,-0.4922780692577362,0.4349117577075958,0.2551086246967315,-0.556938886642456,0.4258069396018982,0.2928309738636017,-0.6203116774559021,0.4152247607707977,0.3236355185508728,-0.6842551827430725,0.4065157473087311,0.3553050756454468,-0.8442854881286621,0.4452082216739654,0.4267698526382446,-0.9403602480888368,0.4824853837490082,0.4759809374809265,-0.983263373374939,0.5021688938140869,0.4971594512462616,-1.0216583013534546,0.5314114689826965,0.5163596272468567,-0.8931707143783569,0.4364658892154693,0.4570930898189544,-0.8270244002342224,0.4462685286998749,0.6263848543167114,-0.5754992365837097,0.3822919726371765,0.7438358068466187,-0.4853906631469726,0.3600171208381653,0.4839496910572052,-0.898208737373352,0.4410738050937652,0.4413731098175049,-1.0051966905593872,0.4119465947151184,0.3019463717937469,-0.9887815713882446,0.3157926797866821,0.0422839373350143,-0.9754694700241088,0.5921052098274231,0.0372945517301559,-0.4147629141807556,0.4326125681400299,0.3269659876823425,-0.0124170025810599,0.5048892498016357,0.1889109909534454,0.3964698910713196,0.6014567017555237,0.1230295673012733,0.4528806209564209,0.7562984228134155,0.0719572305679321,-0.4711706638336181,0.478332906961441,0.1412335485219955,-0.0474693030118942,0.52308189868927,0.0805169567465782,0.3701474070549011,0.5882751941680908,0.0552455969154834,0.4257918894290924,0.7547657489776611,0.0505804866552352,
4.1887902047863905,604,20.133333333333333,-0.4539092183113098,0.440209686756134,0.2313189804553985,-0.4920223653316498,0.434283435344696,0.2534007430076599,-0.5569753646850586,0.4247873425483703,0.2908758223056793,-0.6203837990760803,0.4140663743019104,0.3217669725418091,-0.6837295293807983,0.4072060585021972,0.3544872999191284,-0.8435100317001343,0.4457184076309204,0.4264850914478302,-0.9391263723373412,0.4833144247531891,0.4757372736930847,-0.982375144958496,0.50211501121521,0.4968196749687195,-1.0210291147232056,0.5309206247329712,0.5158795118331909,-0.8924564123153687,0.4364511966705322,0.4566028714179992,-0.8253671526908875,0.4465002119541168,0.6254563927650452,-0.5734284520149231,0.3827029466629028,0.7416819334030151,-0.4844276010990143,0.3604764938354492,0.4815296232700348,-0.8977134823799133,0.4404901266098022,0.4408714771270752,-1.0052214860916138,0.4115481674671173,0.3018077611923218,-0.9890463352203368,0.3154651522636413,0.0422961302101612,-0.9758774042129515,0.5916330814361572,0.0374548025429248,-0.414538025856018,0.4307507276535034,0.3251385986804962,-0.0124684572219848,0.502088725566864,0.1868998706340789,0.396045982837677,0.599865734577179,0.122223325073719,0.4526307284832001,0.7546324729919434,0.0712810009717941,-0.4712012410163879,0.4767414927482605,0.1392145603895187,-0.0475727021694183,0.5218105912208557,0.0796956792473793,0.3697717487812042,0.5873914361000061,0.0549776367843151,0.4256470799446106,0.7536737322807312,0.0504165403544902,
4.215990141181107,605,20.166666666666668,-0.4542631804943084,0.4397014379501343,0.2296088188886642,-0.4920446574687958,0.4341306984424591,0.251858115196228,-0.5565299987792969,0.4252224862575531,0.2896539568901062,-0.6197910904884338,0.4147059321403503,0.3206471800804138,-0.6828596591949463,0.4092140197753906,0.3539957702159881,-0.8427475690841675,0.44678595662117,0.4259264767169952,-0.9377031326293944,0.4841141402721405,0.4755060970783233,-0.9810870289802552,0.5023682117462158,0.4966216385364532,-1.019478440284729,0.5312680006027222,0.5156981348991394,-0.8914049863815308,0.4359862208366394,0.4560143649578094,-0.8234127163887024,0.4472386240959167,0.6242902278900146,-0.5717246532440186,0.3835685849189758,0.7396088242530823,-0.4838225543498993,0.3607689440250397,0.479848712682724,-0.897292971611023,0.4409132301807403,0.439488798379898,-1.005047082901001,0.4110585451126098,0.3009900152683258,-0.9897633790969848,0.3149352967739105,0.0420550256967544,-0.976594090461731,0.5903190970420837,0.0369637422263622,-0.4142923653125763,0.4294358789920807,0.3227325975894928,-0.0126896435394883,0.5019065141677856,0.1862398087978363,0.3950659930706024,0.5997641086578369,0.122645616531372,0.4528102874755859,0.75344318151474,0.0710688680410385,-0.4705297648906708,0.4745740294456482,0.1370216310024261,-0.0476312413811683,0.5213700532913208,0.0789535641670227,0.3688545525074005,0.5868594646453857,0.0547837540507316,0.4255765974521637,0.7524709701538086,0.0500931181013584,
4.243190077575824,606,20.2,-0.4542822241783142,0.439125657081604,0.2275909185409546,-0.4918780028820038,0.4338131546974182,0.2499279379844665,-0.5560415983200073,0.4253667294979095,0.2879256010055542,-0.6191385388374329,0.4145160019397735,0.3187032639980316,-0.6824654340744019,0.4078608453273773,0.3513153195381164,-0.8426389098167419,0.4446576833724975,0.4240722358226776,-0.937882125377655,0.481816291809082,0.4741663336753845,-0.980208933353424,0.5020320415496826,0.4958084225654602,-1.0184324979782104,0.531500518321991,0.5151770114898682,-0.890592098236084,0.4366385638713836,0.4554813504219055,-0.8220698237419128,0.4465121030807495,0.6238418221473694,-0.5690225958824158,0.383732408285141,0.7381845116615295,-0.4832125604152679,0.3605137765407562,0.4770923256874084,-0.8968876004219055,0.4405925869941711,0.4392026662826538,-1.0051411390304563,0.4109218418598175,0.3007154166698456,-0.989490568637848,0.315488189458847,0.0409446880221366,-0.9767663478851318,0.5914313793182373,0.0368168726563453,-0.4147429764270782,0.4301147758960724,0.3213349878787994,-0.0123354811221361,0.5025764107704163,0.1856196820735931,0.3961406648159027,0.6011084914207458,0.1226442009210586,0.4526852071285248,0.7563689947128296,0.0727600753307342,-0.4713484644889831,0.4760314524173736,0.1357598304748535,-0.0472514443099498,0.5209484100341797,0.0784433558583259,0.3699337840080261,0.5887013673782349,0.0562219247221946,0.4260692596435547,0.7548458576202393,0.0507517233490943,
4.270390013970541,607,20.23333333333333,-0.4539400637149811,0.4395039677619934,0.2263456284999847,-0.4915826320648193,0.4341279864311218,0.2487384527921676,-0.5557531714439392,0.4255678057670593,0.2867838740348816,-0.61883944272995,0.4144203066825866,0.3174671828746795,-0.6815839409828186,0.4092670679092407,0.3510828614234924,-0.8417887687683105,0.4452827870845794,0.4238191843032837,-0.936103343963623,0.4832208454608917,0.4742051362991333,-0.978878378868103,0.5022373199462891,0.4956704378128052,-1.016926884651184,0.531668484210968,0.5150934457778931,-0.8896961212158203,0.4364822804927826,0.4550822079181671,-0.8202455043792725,0.446675181388855,0.6229138970375061,-0.567065954208374,0.3843814432621002,0.7362881302833557,-0.482550173997879,0.3608294129371643,0.4752167165279388,-0.8963268399238586,0.4398318529129028,0.4377717971801758,-1.0052850246429443,0.4102482199668884,0.3001005351543426,-0.9896916151046752,0.3151543736457824,0.0407031886279583,-0.9772493243217468,0.5906651616096497,0.0366250798106193,-0.4145333468914032,0.4285717010498047,0.3195657134056091,-0.0124019458889961,0.5012480020523071,0.1845042407512664,0.3955507576465606,0.6005626916885376,0.1228432953357696,0.4527966976165771,0.7549835443496704,0.0722004547715187,-0.4710589051246643,0.4736962616443634,0.1337728351354599,-0.0472578220069408,0.5197572708129883,0.0778703019022941,0.3693284392356872,0.5880531072616577,0.0559710636734962,0.426354318857193,0.7536060214042664,0.0507694594562053,
4.297589950365258,608,20.266666666666666,-0.4543146789073944,0.4382643699645996,0.223927617073059,-0.4918341636657715,0.4331532120704651,0.24647256731987,-0.5557998418807983,0.4250133037567138,0.2847557067871094,-0.6188662648200989,0.4137599766254425,0.3153780698776245,-0.6807036399841309,0.4104580283164978,0.3503491282463074,-0.841268002986908,0.4455896317958832,0.4223603010177612,-0.9344382286071776,0.4839120209217071,0.4738234877586365,-0.9775599241256714,0.5021562576293945,0.4951697885990143,-1.0155386924743652,0.5314589142799377,0.5145772695541382,-0.8887630701065063,0.4358397424221039,0.4542361199855804,-0.8187655210494995,0.4463363289833069,0.6217029690742493,-0.5657885074615479,0.3834220468997955,0.7339332103729248,-0.4822256565093994,0.3601224720478058,0.4730737209320068,-0.8958039283752441,0.4392728507518768,0.4362796247005462,-1.0056368112564087,0.4093152284622192,0.2997392416000366,-0.9902021884918212,0.3149172365665436,0.0406862162053585,-0.9775853753089904,0.5899183750152588,0.036765307188034,-0.4144964516162872,0.4273931086063385,0.3168211877346039,-0.0125654321163892,0.5001611113548279,0.1831347942352295,0.3947455286979675,0.6000652313232422,0.1228561103343963,0.4528929591178894,0.7537797689437866,0.0721069797873497,-0.4706357717514038,0.473028302192688,0.1315964758396148,-0.0473095327615737,0.5189318656921387,0.0770395696163177,0.3685128688812256,0.5874124765396118,0.0556089133024215,0.426383376121521,0.752294659614563,0.0504539124667644,
4.324789886759975,609,20.3,-0.4551453590393066,0.4368782043457031,0.2215720266103744,-0.4925146400928497,0.4318826794624328,0.2441682368516922,-0.556212842464447,0.4239556789398193,0.2825919389724731,-0.6189985871315002,0.41254922747612,0.3132559359073639,-0.6808549165725708,0.4086068272590637,0.3479210138320923,-0.8408992290496826,0.4445008933544159,0.4207940995693207,-0.9352654814720154,0.4810397028923034,0.4724183082580566,-0.9770069122314452,0.5015583038330078,0.4943676590919494,-1.0148930549621582,0.5314818620681763,0.5138768553733826,-0.8874128460884094,0.437568187713623,0.4538377821445465,-0.8173831105232239,0.4459956288337707,0.6214364767074585,-0.5630730390548706,0.3835993707180023,0.7323929667472839,-0.481896162033081,0.3597286939620971,0.4701114296913147,-0.8950589299201965,0.4395724534988403,0.4364169836044311,-1.0056674480438232,0.4092252552509308,0.3000420331954956,-0.9902153611183168,0.3157781362533569,0.0399309135973453,-0.9778319597244264,0.5913894176483154,0.0364331007003784,-0.4157313108444214,0.427430659532547,0.3150655031204223,-0.0126918610185384,0.4999783635139465,0.1823013871908188,0.3954037427902221,0.6013345718383789,0.1232895255088806,0.4524407386779785,0.7564173340797424,0.0736570656299591,-0.4724002182483673,0.4720073342323303,0.1291208118200302,-0.0478992909193038,0.5185263752937317,0.0768399387598037,0.3689516484737396,0.5872628688812256,0.0559089332818985,0.4263810813426971,0.7528590559959412,0.0510964170098304,
4.351989823154692,610,20.33333333333333,-0.4548251330852508,0.4370605051517486,0.2201066315174102,-0.4921210408210754,0.4321637749671936,0.2427750825881958,-0.5556832551956177,0.4243846237659454,0.2813217341899872,-0.6183465719223022,0.412913054227829,0.3121452331542969,-0.67976975440979,0.4100211560726166,0.3477281332015991,-0.8400089740753174,0.4449599087238312,0.4205986261367798,-0.9335830211639404,0.4820243418216705,0.472384363412857,-0.9759365320205688,0.5010556578636169,0.4940347969532013,-1.0138267278671265,0.5307978391647339,0.5134606957435608,-0.8863859176635742,0.4372929334640503,0.453575074672699,-0.8156659007072449,0.44565150141716,0.6206474900245667,-0.5613992214202881,0.3833212852478027,0.7304961085319519,-0.4813170731067657,0.3591623902320862,0.4683498442173004,-0.8943639993667603,0.4381488561630249,0.4354996085166931,-1.005876541137695,0.4082843363285064,0.3000344634056091,-0.9903411269187928,0.3154048025608063,0.0403208099305629,-0.9777815937995912,0.5906103253364563,0.0372803434729576,-0.4155580401420593,0.4267482757568359,0.3133469820022583,-0.0128231272101402,0.4989373683929443,0.1814252734184265,0.3947202265262604,0.6004971265792847,0.1235476583242416,0.4524812698364258,0.7546342611312866,0.0730497315526008,-0.4725931584835052,0.4690797626972198,0.1269924640655517,-0.0483558401465415,0.5175773501396179,0.0761763304471969,0.3679781556129455,0.5867627263069153,0.0559466257691383,0.4266900420188904,0.7514680027961731,0.050796240568161,
4.3791897595494085,611,20.366666666666667,-0.4550614356994629,0.4364960789680481,0.2182429879903793,-0.4922336935997009,0.4316922724246979,0.2409125417470932,-0.5556337833404541,0.4240570366382599,0.2794756889343261,-0.618317723274231,0.4125357866287231,0.3101584315299988,-0.678962230682373,0.4114441275596618,0.3467974662780761,-0.8394780158996582,0.4454729557037353,0.4190561771392822,-0.931973934173584,0.4828555881977081,0.4721969366073608,-0.9748964905738832,0.5007519125938416,0.4936293363571167,-1.012855052947998,0.530170738697052,0.5130907893180847,-0.8855524063110352,0.4370052218437195,0.4521784484386444,-0.8140577077865601,0.4456030428409576,0.6190325021743774,-0.5598552823066711,0.3839884400367737,0.728477954864502,-0.4811660051345825,0.3581601977348327,0.4665935337543487,-0.8939422369003296,0.4377321302890777,0.4337906539440155,-1.0060546398162842,0.4071899354457855,0.2991683483123779,-0.9912075400352478,0.3141386806964874,0.0399773456156253,-0.977986454963684,0.5888538360595703,0.0374079495668411,-0.4154303669929504,0.4252121150493622,0.310916543006897,-0.0129353441298007,0.4980293810367584,0.180326372385025,0.3939202129840851,0.6003805994987488,0.1239510178565979,0.4529391527175903,0.7533963918685913,0.0728480666875839,-0.4726981222629547,0.4650231003761291,0.1244006901979446,-0.0489353612065315,0.51785808801651,0.0759750306606292,0.3670119345188141,0.5863776803016663,0.0557251833379268,0.4270204305648803,0.7502554059028625,0.0505922734737396,
4.406389695944125,612,20.4,-0.4552120566368103,0.4377776086330414,0.2181183993816375,-0.4923564493656158,0.4325281381607055,0.2403802871704101,-0.5558103919029236,0.4241471290588379,0.278367817401886,-0.618295431137085,0.4130032658576965,0.3093830049037933,-0.678490936756134,0.4133168458938598,0.3465558886528015,-0.8404583930969238,0.4411378502845764,0.4168871939182281,-0.9333281517028807,0.4792110919952392,0.471058189868927,-0.9748214483261108,0.4991580247879028,0.4936991930007934,-1.0120997428894043,0.5294196605682373,0.5140026211738586,-0.8850854635238647,0.4362468421459198,0.4511952996253967,-0.8133682012557983,0.4436635673046112,0.6181790232658386,-0.557781994342804,0.3816039264202118,0.7261524200439453,-0.4798383712768554,0.3579810261726379,0.4628456234931946,-0.8933486938476562,0.4371820390224457,0.4339809417724609,-1.0062322616577148,0.4059714078903198,0.2992936670780182,-0.9926961660385132,0.3112654089927673,0.0395395308732986,-0.9786145687103271,0.586952269077301,0.0368215963244438,-0.4167596697807312,0.4246911704540252,0.3113037645816803,-0.0137765146791934,0.499520868062973,0.1803461909294128,0.3945483267307281,0.60074782371521,0.1240410506725311,0.4523068964481354,0.7546859383583069,0.072727046906948,-0.4745298624038696,0.4657894372940063,0.1237497925758361,-0.0495398789644241,0.5162888765335083,0.0746294632554054,0.3676046729087829,0.5854625105857849,0.0555028095841407,0.4271259307861328,0.7502864003181458,0.0509547851979732,
4.433589632338842,613,20.433333333333334,-0.4549770653247833,0.4386584758758545,0.2169846147298813,-0.4921231269836426,0.4331562221050262,0.2391222864389419,-0.555600643157959,0.4243419468402862,0.2769279479980469,-0.6180711984634399,0.4127977788448334,0.3078968524932861,-0.6778302192687988,0.4141005277633667,0.3458776175975799,-0.83980792760849,0.4417533874511719,0.4166467785835266,-0.9326833486557008,0.4794158935546875,0.4706437587738037,-0.9749066233634948,0.4978341460227966,0.4929864704608917,-1.0125998258590698,0.5274888873100281,0.5131666660308838,-0.8845491409301758,0.436015784740448,0.4509154856204986,-0.8117659091949463,0.4425840079784393,0.6172696352005005,-0.5558278560638428,0.3812534511089325,0.7242031097412109,-0.4794781804084778,0.3568423092365265,0.4607433974742889,-0.8931171894073486,0.436321347951889,0.4331254065036773,-1.006645917892456,0.4051361680030823,0.2989067435264587,-0.993338704109192,0.3101387321949005,0.0394412614405155,-0.9782924652099608,0.5857652425765991,0.0377111658453941,-0.4162006676197052,0.4241465628147125,0.3096089661121368,-0.0133867040276527,0.4998417496681213,0.1795014292001724,0.3947674036026001,0.6010339856147766,0.1243181973695755,0.4528239071369171,0.7547277212142944,0.0729855224490165,-0.4742107987403869,0.4642076790332794,0.1220033019781112,-0.0493065640330314,0.5156468749046326,0.0739970877766609,0.367442637681961,0.5857586860656738,0.055805467069149,0.427500307559967,0.750133216381073,0.0506954193115234,
4.460789568733559,614,20.466666666666665,-0.454936683177948,0.4384538829326629,0.2154829204082489,-0.4918941259384155,0.4330386817455292,0.2377695739269256,-0.5550540685653687,0.4243794977664947,0.2758429944515228,-0.6173118352890015,0.4131481945514679,0.3071748316287994,-0.6766648888587952,0.4153366088867187,0.3459037840366363,-0.8385912179946899,0.4424408972263336,0.4169512689113617,-0.9312389492988586,0.4800067842006683,0.4704228639602661,-0.9738650321960448,0.4973362684249878,0.492666631937027,-1.0113781690597534,0.5268183946609497,0.5129648447036743,-0.883441686630249,0.4354344308376312,0.4506895840167999,-0.8097666501998901,0.4419872760772705,0.6162423491477966,-0.554193377494812,0.380825936794281,0.72237628698349,-0.4788104593753814,0.3561716973781585,0.4593305885791778,-0.8923957347869873,0.4354811012744903,0.4315932691097259,-1.0066661834716797,0.4043183028697967,0.2983150482177734,-0.9937171936035156,0.3095203638076782,0.0394525676965713,-0.9785611629486084,0.5845003724098206,0.0375547856092453,-0.4155005812644958,0.4234288334846496,0.3074410557746887,-0.0130899660289287,0.5006015300750732,0.1792200803756714,0.3943764865398407,0.6016435623168945,0.1250045001506805,0.4534059166908264,0.7540672421455383,0.0727009624242782,-0.4738881587982178,0.4618285298347473,0.1200997754931449,-0.0493774972856044,0.5144405961036682,0.0733139961957931,0.3664450347423553,0.5858465433120728,0.0558013692498207,0.4278572797775268,0.749277651309967,0.0507636368274688,
4.487989505128276,615,20.5,-0.4551853239536285,0.4383312463760376,0.2145329862833023,-0.4920282959938049,0.4328831434249878,0.2367665320634842,-0.5550363659858704,0.4242052137851715,0.2748225331306457,-0.6169335246086121,0.4139258861541748,0.3067120909690857,-0.6765213012695312,0.415172278881073,0.3445892930030823,-0.8380833268165588,0.4402314126491546,0.4158981144428253,-0.9319086074829102,0.475771427154541,0.4689235389232635,-0.9736852049827576,0.4944905340671539,0.4918361604213714,-1.0115309953689575,0.5233942866325378,0.5123418569564819,-0.8822450637817383,0.4354618787765503,0.4502915740013122,-0.8080408573150635,0.440715879201889,0.6153414249420166,-0.5523773431777954,0.379116803407669,0.7204114198684692,-0.4788935482501983,0.3540944457054138,0.4570667743682861,-0.8915435075759888,0.4356524646282196,0.4315554797649383,-1.005730390548706,0.4041735529899597,0.2982962131500244,-0.9935611486434937,0.3091829121112823,0.0395967587828636,-0.9786495566368104,0.5838009119033813,0.0372406840324401,-0.4157445132732391,0.4249529242515564,0.306704968214035,-0.0131684578955173,0.5006810426712036,0.1787376403808593,0.394064724445343,0.602368950843811,0.1252060234546661,0.4530715644359588,0.7550902962684631,0.0735582038760185,-0.4732292592525482,0.4651866555213928,0.1204436272382736,-0.0487165078520774,0.5128993988037109,0.0722582936286926,0.3665162026882171,0.5867207050323486,0.0566493049263954,0.4279466867446899,0.7500401139259338,0.0516603253781795,
4.515189441522993,616,20.53333333333333,-0.4551005363464355,0.4385854303836822,0.2138390988111496,-0.4918746650218963,0.4329976439476013,0.2360421121120453,-0.5546859502792358,0.4241189062595367,0.2740335464477539,-0.616244912147522,0.414384663105011,0.3062577545642853,-0.675345242023468,0.4165403842926025,0.3447246551513672,-0.8371666669845581,0.4404671192169189,0.4157330691814422,-0.9308212399482728,0.4758989214897156,0.4688456952571869,-0.9728122353553772,0.4945428967475891,0.4917511343955993,-1.0108215808868408,0.523337721824646,0.5120339393615723,-0.8815447688102722,0.4354054629802704,0.4501693844795227,-0.8064938187599182,0.4396381676197052,0.6146700382232666,-0.5507956743240356,0.3784229159355163,0.7190967202186584,-0.4779215455055237,0.3541882336139679,0.45582315325737,-0.891030490398407,0.4353003203868866,0.431074321269989,-1.0057376623153689,0.4038275182247162,0.2981751561164856,-0.9941858053207396,0.3089863657951355,0.0396266318857669,-0.9782795310020448,0.583472490310669,0.0380925610661506,-0.4156207740306854,0.4238261878490448,0.3056012988090515,-0.0132915405556559,0.5007225275039673,0.1783272624015808,0.3934738636016845,0.6037682294845581,0.1263397783041,0.4535838961601257,0.7555466890335083,0.0739625766873359,-0.4734087288379669,0.4629721939563751,0.119186908006668,-0.0490289703011512,0.5125952959060669,0.0720015242695808,0.3657617568969726,0.5876481533050537,0.057629358023405,0.4286969006061554,0.749822735786438,0.0513482205569744,
4.54238937791771,617,20.566666666666663,-0.4549110829830169,0.4383367598056793,0.2127144187688827,-0.4914485216140747,0.4329555034637451,0.2350760251283645,-0.5538911819458008,0.4244152307510376,0.2733465135097503,-0.6153450012207031,0.4146699607372284,0.3055842816829681,-0.6741910576820374,0.417654275894165,0.3445634841918945,-0.8362295627593994,0.441030889749527,0.4154598712921142,-0.9295469522476196,0.476362019777298,0.4688065648078918,-0.9722225666046144,0.4936251938343048,0.4913354814052582,-1.010556697845459,0.5217466950416565,0.5116053223609924,-0.8807167410850525,0.4346043169498443,0.4496935307979584,-0.8049631118774414,0.4384175539016723,0.6136198043823242,-0.5497270226478577,0.376710444688797,0.7175673246383667,-0.4773200750350952,0.3528575897216797,0.4545982182025909,-0.8904170393943787,0.4346934556961059,0.4298032224178314,-1.005717396736145,0.4034515619277954,0.2974811196327209,-0.9949500560760498,0.3081442415714264,0.0394604280591011,-0.9780771136283876,0.5821688175201416,0.0380196645855903,-0.4150625467300415,0.423540860414505,0.3041722178459167,-0.0127916242927312,0.5004814863204956,0.1783335208892822,0.3932018280029297,0.604526162147522,0.1272070109844207,0.4543127417564392,0.7550662755966187,0.0738734900951385,-0.4728620648384094,0.4610845744609833,0.1176419258117675,-0.0488289073109626,0.5125183463096619,0.0723318383097648,0.3653151094913482,0.5879083275794983,0.0577889084815979,0.4290342032909393,0.7494508028030396,0.0515752248466014,
4.569589314312426,618,20.6,-0.4546146094799042,0.4384664893150329,0.2121863216161728,-0.4912254810333252,0.4326399266719818,0.2342827022075653,-0.5538073182106018,0.4234083592891693,0.2721717953681946,-0.6150503754615784,0.4146114587783813,0.3048970699310303,-0.6741984486579895,0.4165311455726623,0.3429571390151977,-0.8355947732925415,0.4393463134765625,0.4144849479198456,-0.9302521347999572,0.4724983870983124,0.4674102067947387,-0.97209233045578,0.4911750555038452,0.4905948042869568,-1.010753512382507,0.518817663192749,0.5110791921615601,-0.8795864582061768,0.4346438944339752,0.4492827355861664,-0.8037399053573608,0.4370786845684051,0.6130784153938293,-0.5480452179908752,0.3751067221164703,0.7161325216293335,-0.4772683382034302,0.3513793349266052,0.452546626329422,-0.8893542289733887,0.4349797368049621,0.4301329255104065,-1.0047025680541992,0.4040612578392029,0.2975068092346191,-0.9951960444450378,0.3073451817035675,0.0396301373839378,-0.9787141680717468,0.5813069343566895,0.0371983796358108,-0.4152950942516327,0.4245373904705047,0.3041489720344543,-0.0127994855865836,0.4990597069263458,0.1769189834594726,0.3930930495262146,0.6054425835609436,0.1274340003728866,0.4539924263954162,0.756392240524292,0.0743683576583862,-0.4732550978660583,0.4620741009712219,0.1172172054648399,-0.0486165769398212,0.5121461153030396,0.0719394534826278,0.3656725287437439,0.5888904333114624,0.0588710531592369,0.4290763139724731,0.7505651712417603,0.0520942732691764,
4.596789250707143,619,20.633333333333333,-0.4545606970787048,0.4377059936523437,0.2110460996627807,-0.4910643398761749,0.4320791959762573,0.2331870794296264,-0.5534036159515381,0.4232055246829986,0.271140307188034,-0.6143160462379456,0.4148515462875366,0.3041245639324188,-0.673046350479126,0.4171674251556396,0.3428264856338501,-0.8349940180778503,0.4394106566905975,0.4135110974311828,-0.929511547088623,0.4718070030212402,0.4669406712055206,-0.971309244632721,0.4908491671085357,0.4902409017086029,-1.0097087621688845,0.5188669562339783,0.5107970237731934,-0.8789384961128235,0.4340128004550934,0.448725938796997,-0.8024542331695557,0.4361182153224945,0.6123242378234863,-0.5468685626983643,0.3733792006969452,0.7149907350540161,-0.4771154522895813,0.3498696386814117,0.4511955678462982,-0.8890191316604614,0.4343701004981994,0.4290498793125152,-1.0048006772994995,0.4033935666084289,0.2967514395713806,-0.9964535236358644,0.3063797354698181,0.0390113480389118,-0.9782923460006714,0.5803847312927246,0.0377768278121948,-0.415406733751297,0.4220937490463257,0.3026450574398041,-0.0128376111388206,0.4967859983444214,0.1757949590682983,0.3925902545452118,0.6052111387252808,0.1276053488254547,0.4541254639625549,0.7558643221855164,0.0745624676346778,-0.473426878452301,0.4600412249565124,0.1157444790005683,-0.0487271547317504,0.5109104514122009,0.0712226033210754,0.3653111755847931,0.5887793898582458,0.0588241890072822,0.4291664958000183,0.750298798084259,0.0523129515349864,
4.62398918710186,620,20.666666666666668,-0.4545169770717621,0.4370673596858978,0.2101974934339523,-0.490985631942749,0.4313245415687561,0.2323383837938308,-0.5531957745552063,0.4222949147224426,0.2702810764312744,-0.6137939691543579,0.4146313369274139,0.3037402927875519,-0.672221302986145,0.4176851511001587,0.3429763615131378,-0.8343288898468018,0.4395551085472107,0.4134630560874939,-0.9276250004768372,0.4733015894889831,0.4674402773380279,-0.969944417476654,0.4912453889846802,0.4904487133026123,-1.0077983140945437,0.5195725560188293,0.5112086534500122,-0.8785173296928406,0.4330728054046631,0.4483456611633301,-0.8013362288475037,0.4346789419651031,0.6114197373390198,-0.5461655855178833,0.3720061779022217,0.7139562964439392,-0.4766236245632171,0.3488457500934601,0.4505346119403839,-0.8887792229652405,0.4339150488376617,0.4280838966369629,-1.0047537088394165,0.4027532339096069,0.2959330976009369,-0.9976814985275269,0.304952323436737,0.0387793332338333,-0.9780648350715636,0.5786492824554443,0.0379528775811195,-0.4151445031166076,0.4203088879585266,0.3012473881244659,-0.0128589821979403,0.4966210424900055,0.175808385014534,0.3920451998710632,0.6051886677742004,0.1279951930046081,0.4544257521629333,0.7548633813858032,0.0742626339197158,-0.4729039371013641,0.4576260149478912,0.1145195662975311,-0.0486253313720226,0.510776937007904,0.071329578757286,0.3648057579994201,0.5890479683876038,0.0588663928210735,0.4294748902320862,0.7498680949211121,0.0520430728793144,
4.651189123496577,621,20.7,-0.454301118850708,0.4369010925292969,0.209669217467308,-0.4912283420562744,0.4302259385585785,0.2313807010650634,-0.5539587736129761,0.4197342097759247,0.2685415148735046,-0.6133397221565247,0.4144060015678406,0.3035562932491302,-0.6718000769615173,0.4177394509315491,0.342217743396759,-0.8343735933303833,0.4361783862113952,0.4120382964611053,-0.9287322163581848,0.4694342613220215,0.4660823345184326,-0.9703085422515868,0.4888744652271271,0.4896749556064605,-1.0085017681121826,0.5169850587844849,0.5107814073562622,-0.8786198496818542,0.4317439496517181,0.4470385611057281,-0.8007302284240723,0.4331484138965606,0.6103528141975403,-0.5448052883148193,0.3692655265331268,0.7132228016853333,-0.4763426780700683,0.3472046852111816,0.4483014643192291,-0.8879773020744324,0.433038979768753,0.4286865592002868,-1.0040770769119265,0.4037390053272247,0.2958350777626037,-0.9977527856826782,0.3046383559703827,0.0379753597080707,-0.9780704975128174,0.579264760017395,0.0373696982860565,-0.4157715141773224,0.4215921759605407,0.3018426895141601,-0.0124630033969879,0.4965393543243408,0.1751411110162735,0.3936212658882141,0.6064247488975525,0.128090500831604,0.4550600349903106,0.7573317289352417,0.0748311728239059,-0.4738502502441406,0.459734171628952,0.1143943294882774,-0.0480603873729705,0.5100394487380981,0.0706234946846962,0.366460770368576,0.5904838442802429,0.0598986148834228,0.4302460253238678,0.7521524429321289,0.0526191033422946,
4.678389059891294,622,20.73333333333333,-0.4536530375480652,0.4374909400939941,0.2095590829849243,-0.4907514452934265,0.4304343163967132,0.2310713529586792,-0.5536013245582581,0.4193643033504486,0.2678461968898773,-0.6123846173286438,0.4152024686336517,0.3037098944187164,-0.6705419421195984,0.419077605009079,0.3428654372692108,-0.8333773612976074,0.436956912279129,0.4122063219547272,-0.927451193332672,0.4705348014831543,0.4662234783172607,-0.9692968726158142,0.4893536865711212,0.4898023307323456,-1.0073654651641846,0.5175080299377441,0.5108473300933838,-0.8777920603752136,0.4320443868637085,0.4471377432346344,-0.799129843711853,0.4331823885440826,0.6100002527236938,-0.5435794591903687,0.3682724237442016,0.7124225497245789,-0.4758377075195312,0.3469023108482361,0.4475600719451904,-0.8873910903930664,0.4332042634487152,0.4284831583499908,-1.003753423690796,0.4033136069774627,0.2956896722316742,-0.9985558390617372,0.3042075634002685,0.0379306636750698,-0.9777846932411194,0.5786547064781189,0.0374378003180027,-0.4153397977352142,0.4200536906719208,0.3011301755905151,-0.012165842577815,0.4958556890487671,0.1750854849815368,0.3933963775634765,0.6069029569625854,0.1286969184875488,0.4554134011268616,0.7571889162063599,0.0748920664191246,-0.4737066626548767,0.456790953874588,0.1139165163040161,-0.0482116565108299,0.509149432182312,0.0702767074108123,0.3658680915832519,0.5905942916870117,0.0601941980421543,0.430425763130188,0.7517181634902954,0.0524227879941463,
4.705588996286011,623,20.766666666666666,-0.4536464512348175,0.4365654587745666,0.208716332912445,-0.49072927236557,0.4295088648796081,0.2302225530147552,-0.5534656643867493,0.4184658527374267,0.2669550478458404,-0.6118510365486145,0.4150759875774383,0.3033455014228821,-0.6697413325309753,0.4195859134197235,0.3429889380931854,-0.8329058289527893,0.4366086721420288,0.4116993844509125,-0.926584243774414,0.470440000295639,0.4659532308578491,-0.9689264297485352,0.4883045852184295,0.4892556071281433,-1.0069427490234375,0.516410231590271,0.5101461410522461,-0.8770937919616699,0.4308076500892639,0.4468736052513122,-0.7977495789527893,0.4325116872787475,0.6092631220817566,-0.542753279209137,0.367035299539566,0.7114624381065369,-0.4755922257900238,0.3454670310020447,0.4469793736934662,-0.8870030045509338,0.4318679869174957,0.4278841018676758,-1.0036606788635254,0.4027627408504486,0.295476883649826,-0.9991995096206664,0.3038792014122009,0.0381258949637413,-0.9778037667274476,0.5778082609176636,0.0373698994517326,-0.4150914549827575,0.418109118938446,0.2997905611991882,-0.0121073927730321,0.4958171844482422,0.175434336066246,0.3930013179779053,0.6067651510238647,0.1293120384216308,0.4557332396507263,0.7562201023101807,0.0749687552452087,-0.4732286632061004,0.454325795173645,0.1127484217286109,-0.0483412221074104,0.5095961093902588,0.0706509500741958,0.3653099238872528,0.590024471282959,0.0597568899393081,0.4302806258201599,0.7508509159088135,0.0526206791400909,
4.7327889326807275,624,20.8,-0.4533781409263611,0.437040239572525,0.2087399959564209,-0.4906432628631592,0.4291875660419464,0.2299260199069976,-0.553564190864563,0.4169076085090637,0.2661205530166626,-0.611209511756897,0.4150905907154083,0.3035286664962768,-0.6692829132080078,0.4203652739524841,0.3426508605480194,-0.8327549695968628,0.4343733489513397,0.4107184410095215,-0.9270302057266236,0.4675764441490173,0.4647993445396423,-0.9686941504478456,0.4865407645702362,0.4886212050914764,-1.00702702999115,0.51410973072052,0.5097206830978394,-0.8766693472862244,0.4303248822689056,0.4462771713733673,-0.7962658405303955,0.4324932694435119,0.6083842515945435,-0.5415669083595276,0.3650859594345093,0.7108473777770996,-0.4756042957305908,0.3441136479377746,0.4457036554813385,-0.8863296508789062,0.4319063723087311,0.4282459616661072,-1.0026262998580933,0.4036283195018768,0.295472502708435,-0.9983866810798644,0.3043636679649353,0.0380432084202766,-0.978118360042572,0.578334391117096,0.0367736630141735,-0.4146625697612762,0.4205416440963745,0.3002031445503235,-0.0116379894316196,0.4979722201824188,0.1761620193719864,0.3937603533267975,0.6079418659210205,0.1295517534017563,0.4563226103782654,0.7578271627426147,0.0757773742079734,-0.4731150269508362,0.4551587700843811,0.1125643625855445,-0.0479226633906364,0.509972870349884,0.0701340958476066,0.3658998310565948,0.5914943814277649,0.0603288151323795,0.4305864870548248,0.7525657415390015,0.0535026863217353,
4.759988869075444,625,20.83333333333333,-0.4528046548366546,0.4369319081306457,0.2086571753025055,-0.4900480806827545,0.429016649723053,0.2298154383897781,-0.5528675317764282,0.4166411757469177,0.2659348547458648,-0.6102269887924194,0.4153867959976196,0.3036833107471466,-0.6680670380592346,0.4213026165962219,0.3432509303092956,-0.831854522228241,0.4350858330726623,0.4111292660236358,-0.9259100556373596,0.4681805372238159,0.4652852118015289,-0.9680020809173584,0.4864993095397949,0.488896369934082,-1.0061489343643188,0.5141578912734985,0.5100488066673279,-0.8759647011756897,0.4303891062736511,0.4464913308620453,-0.7951276898384094,0.4312726557254791,0.6080329418182373,-0.5408222675323486,0.3629296123981476,0.7098186016082764,-0.4748177528381347,0.3434707522392273,0.4449723958969116,-0.8857797384262085,0.4313741028308868,0.4280671179294586,-1.0024603605270386,0.4029983878135681,0.2958280742168426,-0.998468816280365,0.3050404191017151,0.0383695587515831,-0.977166473865509,0.5787732005119324,0.0378523916006088,-0.413921058177948,0.4199312329292297,0.2998527884483337,-0.0116618275642395,0.5001874566078186,0.1778866797685623,0.3935618102550506,0.6069697737693787,0.1296068876981735,0.4563993811607361,0.7563698887825012,0.0754946172237396,-0.4726500511169433,0.4536817669868469,0.1122176051139831,-0.0479941070079803,0.5087727904319763,0.0696807503700256,0.3653350174427032,0.5901176929473877,0.0596440657973289,0.4303342998027801,0.7509734034538269,0.0531473197042942,
4.78718880547016,626,20.866666666666667,-0.4518580138683319,0.4381707906723022,0.2089108973741531,-0.4889153838157654,0.4301254153251648,0.2301027029752731,-0.5515511631965637,0.4174995422363281,0.2663151323795318,-0.6093986630439758,0.4152624011039734,0.3034455776214599,-0.6671258211135864,0.4218131899833679,0.3434995412826538,-0.8312486410140991,0.435062825679779,0.4111526012420654,-0.9251301288604736,0.4681546986103058,0.4652535021305084,-0.9676434993743896,0.485619843006134,0.488678514957428,-1.0057156085968018,0.5132428407669067,0.5097866058349609,-0.8753556609153748,0.4295597672462463,0.4466173946857452,-0.7938532829284668,0.430513471364975,0.6075631380081177,-0.540202796459198,0.3607503473758697,0.7088083624839783,-0.4746188819408417,0.3416766822338104,0.444257915019989,-0.8856203556060791,0.431856244802475,0.4276449084281921,-1.0024468898773191,0.401921659708023,0.2957342863082886,-0.999322235584259,0.3039633929729461,0.0385421179234981,-0.9769736528396606,0.5773302912712097,0.0377352088689804,-0.4134035110473633,0.4191826581954956,0.2996121644973755,-0.0117853432893753,0.4995615482330322,0.1778491288423538,0.392887532711029,0.6060348749160767,0.129629299044609,0.4568143784999847,0.7544484734535217,0.0750875696539878,-0.4722788631916046,0.4519642889499664,0.112329751253128,-0.0481773763895034,0.5074432492256165,0.0691449269652366,0.3646003603935241,0.5890659689903259,0.0591399893164634,0.4302597641944885,0.749484121799469,0.0528958924114704,
4.814388741864877,627,20.9,-0.4512013792991638,0.4377611875534057,0.2086070030927658,-0.4881629943847656,0.4297906160354614,0.2298478782176971,-0.5507820248603821,0.4172529280185699,0.266206830739975,-0.6090489625930786,0.414010226726532,0.3028642833232879,-0.6671237349510193,0.4214614629745483,0.342399924993515,-0.8316264152526855,0.4312956035137176,0.4098626673221588,-0.9256133437156676,0.4651079475879669,0.4638524949550628,-0.967702865600586,0.4834457337856293,0.4877949953079223,-1.006271243095398,0.5104843378067017,0.5089309215545654,-0.8739686608314514,0.4298707246780395,0.445886492729187,-0.792575478553772,0.4296745955944061,0.60688716173172,-0.5393525958061218,0.3576309978961944,0.7079153060913086,-0.4750648140907287,0.3390530943870544,0.4427751898765564,-0.8844833374023438,0.4320008456707001,0.4279459714889526,-1.0014801025390625,0.4027442336082458,0.2963200807571411,-0.9982635974884032,0.3051922917366028,0.0389241427183151,-0.9767670631408693,0.5785747766494751,0.0379383563995361,-0.4130142033100128,0.4202304780483246,0.2998106777667999,-0.0116182751953601,0.4995543360710144,0.177383542060852,0.3931749761104584,0.6057668924331665,0.1294882744550705,0.4567495882511139,0.7548998594284058,0.0758491605520248,-0.4724487662315368,0.4517712891101837,0.1119655296206474,-0.0480372793972492,0.5064630508422852,0.0679938569664955,0.3647519648075104,0.5897530317306519,0.0594098828732967,0.4308235943317413,0.7500872611999512,0.0532744415104389,
4.841588678259594,628,20.933333333333334,-0.4498707950115204,0.4386748671531677,0.2089739590883255,-0.4869955778121948,0.4304188191890716,0.2300893813371658,-0.549769937992096,0.4174493849277496,0.266198068857193,-0.60799640417099,0.4142947196960449,0.3030687570571899,-0.6657497882843018,0.422163724899292,0.3431393802165985,-0.8302505016326904,0.4322879016399383,0.4108861088752746,-0.9241294860839844,0.4662776589393616,0.4644680619239807,-0.966458797454834,0.4839938879013061,0.4883652329444885,-1.004843831062317,0.5111193060874939,0.5095325708389282,-0.8732078075408936,0.4298841953277588,0.4462206363677978,-0.7912750244140625,0.4292075037956238,0.6067283749580383,-0.5384292602539062,0.355706512928009,0.7069830298423767,-0.4749669134616852,0.3372742831707001,0.4417928457260132,-0.8836897611618042,0.4312801957130432,0.4278129637241363,-1.00126850605011,0.4025168716907501,0.2966408431529999,-0.9984194040298462,0.3053115606307983,0.0393140912055969,-0.9758453965187072,0.5786052942276001,0.038645964115858,-0.412488043308258,0.4193825721740722,0.3000349998474121,-0.0117222182452678,0.4995374679565429,0.1776773184537887,0.3927894532680511,0.6052820682525635,0.129744216799736,0.4567935168743133,0.7539651393890381,0.0757813304662704,-0.4720066487789154,0.4512888193130493,0.1122699081897735,-0.048031248152256,0.5060238838195801,0.0678674057126045,0.3645093142986297,0.5886552929878235,0.0590936765074729,0.4308216869831085,0.7486954927444458,0.0526874810457229,
4.868788614654311,629,20.966666666666665,-0.4490635395050049,0.4385784268379211,0.2089630961418151,-0.4862671196460724,0.4300614893436432,0.2299724072217941,-0.549090564250946,0.4167068302631378,0.2658833265304565,-0.6071689128875732,0.4142723679542541,0.3030280172824859,-0.664857029914856,0.4223276674747467,0.3432900309562683,-0.829531192779541,0.4321354925632477,0.4107974171638489,-0.922852337360382,0.4666340947151184,0.4648098051548004,-0.9655270576477052,0.4835147261619568,0.4886207580566406,-1.0037888288497925,0.5106596946716309,0.5098021626472473,-0.8727245330810547,0.4288316071033478,0.4461576044559479,-0.7902995347976685,0.4278461933135986,0.6061872243881226,-0.5380051136016846,0.3527912497520447,0.7058441042900085,-0.4745778739452362,0.3353556990623474,0.4408815205097198,-0.8832476139068604,0.4312249422073364,0.4277676939964294,-1.0009403228759766,0.4019880294799804,0.2967295050621032,-0.9992180466651917,0.3046925663948059,0.0396102666854858,-0.9751968383789062,0.577812910079956,0.0393158718943595,-0.412390261888504,0.4187301695346832,0.3001575469970703,-0.0121267782524228,0.4990845620632171,0.178057849407196,0.3921199738979339,0.6037718057632446,0.1296093463897705,0.457057237625122,0.751671552658081,0.0753314495086669,-0.4717971384525299,0.4503755867481231,0.1122230812907219,-0.0482680909335613,0.5056793689727783,0.0678855553269386,0.3639589250087738,0.5878243446350098,0.0592536367475986,0.431029736995697,0.7472090721130371,0.0520830787718296,
4.895988551049028,630,21.0,-0.4490980803966522,0.4366951286792755,0.2085677236318588,-0.4862620234489441,0.4285271763801574,0.2295380532741546,-0.549100399017334,0.4157376587390899,0.2654437124729156,-0.6072220802307129,0.4130650758743286,0.3025392591953277,-0.6653133034706116,0.4209068417549133,0.341850221157074,-0.8293333649635315,0.4297859668731689,0.4100541472434997,-0.9230413436889648,0.4644366502761841,0.4638443291187286,-0.9650816321372986,0.4823082685470581,0.4881212711334228,-1.0033973455429075,0.5093562006950378,0.5093915462493896,-0.8716346621513367,0.4288965761661529,0.4459124803543091,-0.7893617749214172,0.4263506531715393,0.6056221723556519,-0.5377220511436462,0.3495519757270813,0.7048731446266174,-0.4744567573070526,0.3339156210422516,0.4400046765804291,-0.8825231194496155,0.4309609532356262,0.4278606176376343,-1.000115156173706,0.402081161737442,0.2969496250152588,-0.9989240169525146,0.3052688241004944,0.0398718193173408,-0.9757061004638672,0.5781187415122986,0.039286870509386,-0.4121918678283691,0.4187823832035064,0.300008475780487,-0.0121191823855042,0.4988141357898712,0.177959531545639,0.3917972445487976,0.6038439273834229,0.1295927315950393,0.4566251039505005,0.7516770958900452,0.075250968337059,-0.4710653126239776,0.4520596861839294,0.1127001494169235,-0.0477651841938495,0.5051672458648682,0.0676197484135627,0.3639906346797943,0.5882622003555298,0.0598686523735523,0.4313430488109588,0.7473269701004028,0.0524306520819664,
4.923188487443745,631,21.03333333333333,-0.4483326971530914,0.4362208545207977,0.2084393948316574,-0.4854755997657776,0.4280935823917389,0.2294364869594574,-0.548228919506073,0.4153818488121032,0.2653608024120331,-0.6062172651290894,0.4130915701389313,0.3025729656219482,-0.6639716625213623,0.4213742017745971,0.3423276543617248,-0.8283246159553528,0.4300128817558288,0.4099142253398895,-0.9217538237571716,0.4644272923469543,0.4639981985092163,-0.9637455344200134,0.4824607670307159,0.4883180856704712,-1.0016874074935913,0.5098304748535156,0.5097635984420776,-0.8708322048187256,0.4283789098262787,0.4458367526531219,-0.7882167100906372,0.4249015152454376,0.6051874756813049,-0.5368273854255676,0.3476901054382324,0.704245924949646,-0.4737739562988281,0.3326171934604645,0.4395096600055694,-0.8818825483322144,0.4300634860992431,0.4275150299072265,-0.9998148083686828,0.4008386731147766,0.2969396412372589,-0.9989753365516664,0.3058049082756042,0.0394225791096687,-0.9753426313400269,0.578506588935852,0.0394409745931625,-0.4118107557296753,0.4163187146186828,0.2994590997695923,-0.0122361341491341,0.4986608326435089,0.1785577088594436,0.3913833498954773,0.6035347580909729,0.1301331222057342,0.4569742679595947,0.7504639029502869,0.0750308409333229,-0.4705222249031067,0.4508803784847259,0.1124025508761406,-0.0476095378398895,0.5053439736366272,0.0679206401109695,0.3639088273048401,0.5881763100624084,0.0603052824735641,0.4318130314350128,0.7467867136001587,0.0524090379476547,
4.9503884238384614,632,21.066666666666663,-0.4472860693931579,0.4368833303451538,0.2093069553375244,-0.4842553734779358,0.4287855625152588,0.2302779853343963,-0.546829879283905,0.4160932898521423,0.2661884129047394,-0.6051187515258789,0.4130847454071045,0.3028490543365478,-0.6629728674888611,0.4211533963680267,0.3427756428718567,-0.8273033499717712,0.4303666949272156,0.4103953540325165,-0.920280694961548,0.4649301469326019,0.4644984006881714,-0.96254962682724,0.4822164177894592,0.4886828064918518,-1.0003740787506104,0.509513795375824,0.5101045370101929,-0.8699051141738892,0.4267889559268951,0.4460483193397522,-0.7867268919944763,0.4245563149452209,0.6047843098640442,-0.5364315509796143,0.3456794023513794,0.7034176588058472,-0.4733588993549347,0.3307262063026428,0.4393409192562103,-0.8812069892883301,0.4296799600124359,0.4275038242340088,-0.9991066455841064,0.4004852771759033,0.2972127497196197,-0.9989086389541626,0.3065780401229858,0.0399270951747894,-0.9750754833221436,0.5786185264587402,0.0396459214389324,-0.4110361635684967,0.4155130088329315,0.299776554107666,-0.0125419842079281,0.4993816614151001,0.1791770607233047,0.3905644118785858,0.6025274395942688,0.1302844434976577,0.4571316242218017,0.7484151721000671,0.074768878519535,-0.4694878160953522,0.4502508342266083,0.1131306067109108,-0.0476302132010459,0.5057135820388794,0.0683516040444374,0.3631687462329864,0.5872723460197449,0.0601415038108825,0.4319926500320434,0.7449290752410889,0.0517465062439441,
4.977588360233178,633,21.1,-0.4475325047969818,0.4343659281730652,0.2086279094219207,-0.4845976531505584,0.4260834753513336,0.2293042987585067,-0.5473456978797913,0.4130222201347351,0.2646987438201904,-0.6057578325271606,0.409712940454483,0.3009950518608093,-0.6638967990875244,0.4153810739517212,0.3402619957923889,-0.82829350233078,0.4270229935646057,0.4085100889205932,-0.9213882684707642,0.4622662663459778,0.4639152288436889,-0.9618563055992126,0.4821673929691314,0.4888456761837005,-0.9990485906600952,0.5106650590896606,0.5107777118682861,-0.8700050115585327,0.42524254322052,0.4451037645339966,-0.7866163849830627,0.4234912991523742,0.6042698621749878,-0.5354098677635193,0.3423643410205841,0.7024007439613342,-0.471494048833847,0.3305371403694153,0.4371211528778076,-0.8802629709243774,0.4300259053707123,0.4279524385929107,-0.9993215203285216,0.4002167284488678,0.2981296181678772,-0.9984147548675536,0.307504653930664,0.039150133728981,-0.9751752018928528,0.5810554623603821,0.0398397929966449,-0.4126445055007934,0.4131048023700714,0.3003192245960235,-0.0129336901009082,0.4976330399513244,0.1785647571086883,0.3916126489639282,0.6030399799346924,0.130280002951622,0.4563435614109039,0.7505163550376892,0.0748632475733757,-0.4708850979804992,0.4527734518051147,0.1139234825968742,-0.0477557778358459,0.5060299038887024,0.0686403810977935,0.3647948503494262,0.5869842767715454,0.0598993971943855,0.4321897625923157,0.7461541891098022,0.0519372001290321,
5.004788296627895,634,21.133333333333333,-0.4477522075176239,0.4326359629631042,0.2082754075527191,-0.4847085475921631,0.424572616815567,0.2290980219841003,-0.5472229719161987,0.4118833541870117,0.2647093534469604,-0.6053271293640137,0.4089035391807556,0.3012586832046509,-0.66319739818573,0.4151604175567627,0.3407717943191528,-0.8273290395736694,0.4269187152385711,0.4093250334262848,-0.9206154346466064,0.4615471065044403,0.4640447795391083,-0.9613572359085084,0.4807899594306946,0.4890245199203491,-0.9983496069908142,0.5093176960945129,0.5110654234886169,-0.8693758845329285,0.4244703352451324,0.4455408751964569,-0.7855406403541565,0.4216028153896332,0.6040704846382141,-0.5348309278488159,0.3401097357273102,0.7018954157829285,-0.4710417985916137,0.3295275866985321,0.4370321035385132,-0.8799059987068176,0.4279866516590118,0.4276500940322876,-0.99932461977005,0.3997595608234405,0.2982909083366394,-0.9984308481216432,0.3074501156806946,0.0397076904773712,-0.9755151867866516,0.5804360508918762,0.0394510403275489,-0.4123280942440033,0.4113931357860565,0.2996430397033691,-0.0132468659430742,0.4980628788471222,0.1794222295284271,0.3909302651882171,0.6017741560935974,0.1301789581775665,0.4565586149692535,0.7486351728439331,0.0748806297779083,-0.4703331291675567,0.4514579474925995,0.1134426519274711,-0.047836035490036,0.5061302781105042,0.0690986588597297,0.3641584813594818,0.5864469408988953,0.0598326735198497,0.4323963522911072,0.7448372840881348,0.0515102744102478,
5.031988233022612,635,21.166666666666668,-0.4476050436496734,0.4310996830463409,0.2077251672744751,-0.4844445586204529,0.4231452345848083,0.2286838740110397,-0.5467426776885986,0.4106474220752716,0.2645114958286285,-0.6047061681747437,0.4077693819999695,0.3012072145938873,-0.6623551845550537,0.4144302010536194,0.3410904705524444,-0.8265315890312195,0.4264268577098846,0.409259021282196,-0.9194119572639464,0.4609369337558746,0.4641328454017639,-0.960543930530548,0.4794955253601074,0.4888994693756103,-0.9975073337554932,0.507948637008667,0.5107967853546143,-0.8687276244163513,0.4231173396110534,0.4455026984214782,-0.7843964695930481,0.4196792840957641,0.6035081148147583,-0.534514844417572,0.3374133706092834,0.7013058066368103,-0.4708162844181061,0.3275033235549927,0.4369598627090454,-0.8794329166412354,0.426147311925888,0.4271838665008545,-0.9990546703338624,0.3988558650016784,0.2982552051544189,-0.9986117482185364,0.3078770041465759,0.0397972203791141,-0.975063979625702,0.5803471207618713,0.0396637581288814,-0.4116193652153015,0.4102908074855804,0.298841118812561,-0.0131133804097771,0.4982253313064575,0.1800691932439804,0.390559583902359,0.6004758477210999,0.1302670240402221,0.456944853067398,0.7463310956954956,0.0744490996003151,-0.4695792198181152,0.4497528374195099,0.1127648502588272,-0.047762680798769,0.5056958198547363,0.0690520778298378,0.3635628521442413,0.585751473903656,0.0598297677934169,0.4325105547904968,0.7434042692184448,0.0512155145406723,
5.059188169417329,636,21.2,-0.4480566382408142,0.4275799393653869,0.2065053880214691,-0.4848255217075348,0.420283555984497,0.2275581061840057,-0.5470804572105408,0.4088824689388275,0.2636149823665619,-0.6053572297096252,0.4051150977611542,0.2995829284191131,-0.6630303859710693,0.4102142751216888,0.339389443397522,-0.8257946968078613,0.4270963072776794,0.4090911746025085,-0.9206748604774476,0.4578991830348968,0.4636803567409515,-0.9598312377929688,0.4793317914009094,0.4890950918197632,-0.9967171549797058,0.508408784866333,0.5113706588745117,-0.8678221106529236,0.4256152212619781,0.4454830586910248,-0.784188449382782,0.4179900586605072,0.6034901142120361,-0.5337345004081726,0.3334894776344299,0.7004985809326172,-0.4696918725967407,0.3276954293251037,0.43511563539505,-0.8787519931793213,0.4269613325595855,0.4280347824096679,-0.9986719489097596,0.3994624316692352,0.2986558973789215,-0.9992493391036988,0.3078114092350006,0.0391789674758911,-0.9753016829490662,0.5816673636436462,0.039923969656229,-0.4131989479064941,0.4057706892490387,0.2984279096126556,-0.01356728002429,0.4931777715682983,0.1777702271938324,0.3911208510398865,0.598566472530365,0.1290729492902755,0.4553655087947845,0.7465463280677795,0.0746176391839981,-0.4713174104690552,0.4496667981147766,0.1123524010181427,-0.0482204593718051,0.5028502345085144,0.0677821934223175,0.3645694851875305,0.5831998586654663,0.0588393546640872,0.4318804740905761,0.7426038980484009,0.0519984401762485,
5.086388105812046,637,21.23333333333333,-0.4472001791000366,0.4260395169258117,0.205931082367897,-0.4838847815990448,0.4190562665462494,0.2270785272121429,-0.5460280179977417,0.4081749320030212,0.2633157670497894,-0.6042811274528503,0.404738187789917,0.2994248569011688,-0.6618891954421997,0.4101126790046692,0.3396364748477936,-0.8250600099563599,0.4264093041419983,0.4092902839183807,-0.919687569141388,0.4570744633674621,0.4639707803726196,-0.95940363407135,0.4775574207305908,0.489362508058548,-0.9960161447525024,0.5067078471183777,0.5118884444236755,-0.8675830960273743,0.4235503375530243,0.4452325105667114,-0.7835311889648438,0.415520966053009,0.6029646992683411,-0.5332381129264832,0.3310946226119995,0.7000267505645752,-0.4696214199066162,0.3250989913940429,0.434690773487091,-0.8784780502319336,0.4246843457221985,0.4274539053440094,-0.9992061853408812,0.3977435827255249,0.298927903175354,-0.9989036917686462,0.3081327080726623,0.039157785475254,-0.974843204021454,0.581841766834259,0.0402814708650112,-0.4124563336372375,0.4042905569076538,0.2979728281497955,-0.0131485164165496,0.4914833307266235,0.1767248660326004,0.3911080658435821,0.5984597206115723,0.1297400891780853,0.4560301303863525,0.7458781599998474,0.0748851597309112,-0.4708338379859924,0.447767049074173,0.1115982308983802,-0.0479218289256095,0.5019235014915466,0.0675718337297439,0.3645713329315185,0.5828194618225098,0.0588655993342399,0.4323437809944153,0.7419382929801941,0.0522077232599258,
5.1135880422067626,638,21.266666666666666,-0.4464349746704101,0.4246972799301147,0.2055650353431701,-0.4831333458423614,0.4176343381404876,0.2266601175069809,-0.5452657341957092,0.4066357910633087,0.2628012001514435,-0.6032556295394897,0.4039470851421356,0.2993335425853729,-0.6607644557952881,0.4096969962120056,0.3399688303470611,-0.8242546916007996,0.4257502853870392,0.409731388092041,-0.9183262586593628,0.4569325745105743,0.4646032452583313,-0.958742618560791,0.4760016202926636,0.489803671836853,-0.9953163266181946,0.5048391222953796,0.5125855207443237,-0.8670670986175537,0.4210093915462494,0.4449865221977234,-0.7826958894729614,0.4135433435440063,0.6024847030639648,-0.5330821871757507,0.3278917968273163,0.6994531154632568,-0.4695793092250824,0.3222612142562866,0.4343195557594299,-0.8783208131790161,0.4230973422527313,0.4269525110721588,-0.999575972557068,0.3956843614578247,0.2991127669811249,-0.9987493753433228,0.30832040309906,0.0390239544212818,-0.9744035005569458,0.5817221999168396,0.0404716394841671,-0.4114789366722107,0.4030181467533111,0.2975267171859741,-0.0125267570838332,0.4914594292640686,0.1772497594356537,0.3913309574127197,0.5985793471336365,0.1307426691055297,0.4569846391677856,0.7448534369468689,0.0747603252530098,-0.4700276851654053,0.4464395344257355,0.1111389994621276,-0.0474706403911113,0.5020414590835571,0.0679207891225814,0.3646804094314575,0.5827165842056274,0.0591705664992332,0.4332172274589538,0.7410428524017334,0.0520482063293457,
5.140787978601479,639,21.3,-0.4468154311180115,0.4217455983161926,0.2049812227487564,-0.4833548367023468,0.415168821811676,0.226062536239624,-0.5453702211380005,0.4049496650695801,0.2622684836387634,-0.6035568118095398,0.4018288254737854,0.2984356582164764,-0.6607842445373535,0.4082656502723694,0.3391919434070587,-0.8241661190986633,0.42230886220932,0.4090366065502167,-0.9191750884056092,0.4529151916503906,0.4635026156902313,-0.9583412408828736,0.4735778868198395,0.489492118358612,-0.9952831268310548,0.5018338561058044,0.5125353932380676,-0.8662325143814087,0.4202979803085327,0.4446238279342651,-0.782158374786377,0.4113977253437042,0.6019945740699768,-0.5333394408226013,0.3233779668807983,0.698508620262146,-0.4689497053623199,0.3209752440452575,0.433674156665802,-0.8776257038116455,0.4224877953529358,0.4269017577171325,-0.999080240726471,0.3952375948429107,0.2992675602436065,-0.999427855014801,0.3071528077125549,0.0393596701323986,-0.9754807949066162,0.580414354801178,0.0395944602787494,-0.4118202924728393,0.4004734754562378,0.2971461415290832,-0.0126831009984016,0.4875522255897522,0.1758510917425155,0.3907781839370727,0.5970427393913269,0.1303244829177856,0.4559776782989502,0.7437233328819275,0.0746546983718872,-0.469974935054779,0.4466207921504974,0.1114992573857307,-0.0475085787475109,0.4986239373683929,0.0661446377635002,0.364435076713562,0.5803234577178955,0.0584558881819248,0.4325869083404541,0.7391785383224487,0.0527839064598083,
5.167987914996196,640,21.33333333333333,-0.446372389793396,0.4192623496055603,0.2039685398340225,-0.4828645288944244,0.4130250513553619,0.2251458168029785,-0.5447977781295776,0.4033800065517425,0.2615236639976501,-0.6028978824615479,0.4006701409816742,0.2979070842266083,-0.6597602367401123,0.4078668355941772,0.339265376329422,-0.8235036134719849,0.4216322600841522,0.4089873433113098,-0.9179197549819946,0.4525603950023651,0.4640730619430542,-0.957622766494751,0.472355842590332,0.490095853805542,-0.9942953586578368,0.5007396936416626,0.5133265852928162,-0.8660532236099243,0.4181204736232757,0.4442471265792846,-0.7815812826156616,0.4085173308849334,0.6012859344482422,-0.5331417322158813,0.3200205266475677,0.6978700160980225,-0.4687003791332245,0.3185058534145355,0.433161586523056,-0.8772652745246887,0.4208013415336609,0.4267348349094391,-0.9993273615837096,0.3933169841766357,0.2997590005397796,-0.9991281032562256,0.3083323836326599,0.0391700603067874,-0.9751533269882202,0.5813533663749695,0.0397418849170208,-0.4113765954971313,0.3971634209156036,0.2958893477916717,-0.0122664384543895,0.4834634959697723,0.1742400228977203,0.390438973903656,0.5957460403442383,0.1305420249700546,0.4566347897052765,0.7422670125961304,0.0756072551012039,-0.4696649312973022,0.4436550140380859,0.1102569624781608,-0.0472805574536323,0.4971494972705841,0.06607037037611,0.3644620180130005,0.5789602994918823,0.0581223629415035,0.4328409433364868,0.7377482056617737,0.0531829744577407,
5.195187851390913,641,21.366666666666667,-0.4459081292152405,0.4184283018112182,0.2037421315908432,-0.4824113845825195,0.4118994772434234,0.2249331921339035,-0.5443034172058105,0.4018087089061737,0.2613113224506378,-0.60213702917099,0.3999160826206207,0.2981491088867187,-0.6587709188461304,0.4079190194606781,0.3398692011833191,-0.8227951526641846,0.4207852184772491,0.4093538522720337,-0.9164579510688782,0.4525687992572784,0.464870423078537,-0.9567456245422364,0.471337616443634,0.4907256066799164,-0.9933538436889648,0.4994122087955475,0.5141592621803284,-0.8656122088432312,0.4162522256374359,0.4444187581539154,-0.780715823173523,0.4073564708232879,0.6010606288909912,-0.5333302021026611,0.3171842098236084,0.6975969672203064,-0.4686862528324127,0.3158309161663055,0.4332137107849121,-0.8770444989204407,0.4198081791400909,0.4265299439430237,-0.9994041919708252,0.3919392824172973,0.2999442517757416,-0.9992229342460632,0.3078665137290954,0.0393338315188884,-0.9752443432807922,0.580426812171936,0.0393875613808631,-0.4104591906070709,0.3964245915412903,0.2954300940036773,-0.0116946417838335,0.4842783808708191,0.1756127476692199,0.3907358944416046,0.5951718688011169,0.1311717927455902,0.4576926827430725,0.7409363985061646,0.0760177075862884,-0.4687872529029846,0.4413482248783111,0.1096150949597358,-0.0468834415078163,0.4971402883529663,0.0665652602910995,0.3645595908164978,0.5781212449073792,0.0583291128277778,0.4333970546722412,0.7365133166313171,0.0537744611501693,
5.22238778778563,642,21.4,-0.4457612633705139,0.4160446226596832,0.2034313678741455,-0.4823014736175537,0.4096700549125671,0.2243861258029937,-0.5443667769432068,0.3998289108276367,0.2604584991931915,-0.6020456552505493,0.3983686864376068,0.2976889014244079,-0.6592646241188049,0.4056766033172607,0.338488757610321,-0.8229610323905945,0.4173864722251892,0.4085045754909515,-0.9175549745559692,0.4484323561191559,0.4636970162391662,-0.9568555951118468,0.4685825407505035,0.4902197420597076,-0.993663251399994,0.4964288473129272,0.513823390007019,-0.865375280380249,0.4144416153430938,0.4439914226531982,-0.7804269194602966,0.4051417112350464,0.6005681753158569,-0.5337545275688171,0.3123308718204498,0.6965482234954834,-0.4679295718669891,0.3147729635238647,0.4325450360774994,-0.8763403296470642,0.4195182621479034,0.4264662265777588,-0.9989653825759888,0.3913806974887848,0.3000321686267853,-1.0006861686706543,0.306235671043396,0.0395213291049003,-0.9765980839729308,0.5788766741752625,0.0384173579514026,-0.4104272127151489,0.3938167095184326,0.2952251434326172,-0.0115286819636821,0.4819501638412475,0.1759061515331268,0.3907342255115509,0.5932868123054504,0.130506694316864,0.4567549228668213,0.7391036152839661,0.074717104434967,-0.4684534966945648,0.4409425854682922,0.1096660047769546,-0.0464195646345615,0.4955280423164367,0.0662367641925811,0.3650982975959778,0.5765330791473389,0.0578472055494785,0.4333590865135193,0.7352968454360962,0.0542220547795295,
5.249587724180347,643,21.433333333333334,-0.4452045857906341,0.4142384529113769,0.2025355696678161,-0.4817659854888916,0.4079583287239074,0.223526120185852,-0.5438348054885864,0.3982817232608795,0.2596463561058044,-0.6014065146446228,0.3970654904842376,0.2971485257148742,-0.6585248708724976,0.4049657583236694,0.3385340273380279,-0.8228834271430969,0.4162860810756683,0.4086149632930755,-0.9165139198303224,0.448076069355011,0.4644681811332702,-0.9564183950424194,0.4672931432723999,0.4908627569675445,-0.9930683374404908,0.495090514421463,0.5147500038146973,-0.8652331829071045,0.412549614906311,0.4439477026462555,-0.7799841165542603,0.4032786190509796,0.6002869606018066,-0.5337629318237305,0.3091430068016052,0.696022629737854,-0.4681668579578399,0.3120384216308594,0.4319050014019012,-0.8768821954727173,0.4161054790019989,0.4260079860687256,-1.0000635385513306,0.3892921209335327,0.3002296686172485,-0.9998056888580322,0.3067240417003631,0.0392153672873973,-0.976253867149353,0.5793418884277344,0.0384795628488063,-0.4099392890930176,0.3928010463714599,0.2946244180202484,-0.0108454814180731,0.4796646535396576,0.1750086396932602,0.3910836577415466,0.5929694771766663,0.1314307749271392,0.4579095542430877,0.7386307120323181,0.0761192440986633,-0.4677537977695465,0.4392957687377929,0.1086552515625953,-0.0458016172051429,0.4954654276371002,0.0665187537670135,0.3656933009624481,0.5763539671897888,0.0579718016088008,0.4342814981937408,0.7349733114242554,0.0551066063344478,
5.276787660575064,644,21.466666666666665,-0.4440298676490783,0.4144333004951477,0.2028526216745376,-0.4806510210037231,0.407891035079956,0.2237466871738433,-0.5428063273429871,0.3977856338024139,0.2596977055072784,-0.6005043983459473,0.3963794410228729,0.2971571385860443,-0.6574101448059082,0.4048554897308349,0.3390319645404815,-0.8222495317459106,0.4158027768135071,0.4088952541351318,-0.9153150916099548,0.4478792548179626,0.4652348160743713,-0.955873966217041,0.4658821523189544,0.4914187490940094,-0.992050290107727,0.4939230978488922,0.5156369209289551,-0.8649283647537231,0.4103170335292816,0.4438276290893554,-0.7794157266616821,0.4020692706108093,0.6001836061477661,-0.533714771270752,0.3064593076705932,0.6958490610122681,-0.467998206615448,0.3097999095916748,0.4317218363285064,-0.8767223358154297,0.4149405062198639,0.4259913265705108,-1.000281810760498,0.387422502040863,0.3006282150745392,-0.9994299411773682,0.3069480955600738,0.0390284769237041,-0.9758621454238892,0.5795640349388123,0.0386455580592155,-0.4089994132518768,0.3930580019950866,0.2951271533966064,-0.009932829067111,0.4789209365844726,0.1754384636878967,0.3919522166252136,0.5917302966117859,0.1313097774982452,0.4589568376541137,0.7374062538146973,0.0763673931360244,-0.4667896032333374,0.4392157793045044,0.1088128462433815,-0.0448488593101501,0.4954299330711365,0.0670892521739006,0.3666189610958099,0.575904130935669,0.0580241084098815,0.4351012110710144,0.7344228029251099,0.055455457419157,
5.3039875969697805,645,21.5,-0.4449648261070251,0.4114566147327423,0.202090322971344,-0.4815574884414673,0.4051672518253326,0.2229363173246383,-0.5437598824501038,0.3954582512378692,0.2588705718517303,-0.6016698479652405,0.393546462059021,0.296147346496582,-0.657812774181366,0.403705358505249,0.3383558392524719,-0.8223260045051575,0.4132421016693115,0.4084391593933105,-0.9162960052490234,0.4444708228111267,0.4643909931182861,-0.9559680223464966,0.4635949730873108,0.4912906587123871,-0.9921594858169556,0.4914927780628204,0.5158170461654663,-0.8645779490470886,0.4096731841564178,0.4437386989593506,-0.7792064547538757,0.4001365303993225,0.5999131798744202,-0.5341314673423767,0.3026461899280548,0.6951441764831543,-0.4673775434494018,0.3092773258686065,0.4314282238483429,-0.8765213489532471,0.4142278134822845,0.4260822236537933,-1.0002148151397705,0.386636734008789,0.3009608387947082,-0.9999739527702332,0.3062039911746979,0.0392231456935405,-0.9770300388336182,0.5787317752838135,0.0376495718955993,-0.4095174968242645,0.389490008354187,0.2940633594989776,-0.0100537901744246,0.4764556586742401,0.1756110489368438,0.3917487263679504,0.58987957239151,0.1307668536901474,0.4578644335269928,0.7361617088317871,0.0762011557817459,-0.4669275879859924,0.4384923577308655,0.1086019426584243,-0.0448623187839984,0.4932743906974792,0.0663056299090385,0.3666115403175354,0.5739459991455078,0.0573913156986236,0.4348412454128265,0.7327381372451782,0.0556258857250213,
5.331187533364497,646,21.53333333333333,-0.4446926414966583,0.4104699492454529,0.2016175985336303,-0.4812372624874115,0.40401291847229,0.2223613560199737,-0.5433942079544067,0.3940077722072601,0.2581398487091064,-0.6010630130767822,0.3924225866794586,0.2957950830459595,-0.6571763753890991,0.4027690887451172,0.3385128378868103,-0.8224518299102783,0.4119563400745392,0.4084024727344513,-0.915699064731598,0.4435229897499084,0.4649936556816101,-0.9559971690177916,0.4616658389568329,0.4917302131652832,-0.9916050434112548,0.4900703132152557,0.5165881514549255,-0.8646063208580017,0.407731682062149,0.443696916103363,-0.7787131071090698,0.3986442685127258,0.5996859669685364,-0.5340023040771484,0.2996741235256195,0.6948133707046509,-0.4676294922828674,0.3068457245826721,0.4307388067245483,-0.8771141767501831,0.4105891585350036,0.4256481528282165,-1.001368761062622,0.3850676119327545,0.3010082840919494,-0.9994074702262878,0.3067388236522674,0.0386896207928657,-0.9764883518218994,0.5795056223869324,0.0381799302995204,-0.4095551669597626,0.3879498839378357,0.2937179803848266,-0.0098483320325613,0.4746899306774139,0.1752395629882812,0.3921981751918793,0.5886199474334717,0.1309822648763656,0.4590366780757904,0.7351528406143188,0.0773776471614837,-0.4669960737228393,0.4360450208187103,0.1076330542564392,-0.0447455644607543,0.4931153953075409,0.0665604844689369,0.3671086728572845,0.573321521282196,0.0572180040180683,0.435923159122467,0.7318915724754333,0.0557155385613441,
5.358387469759214,647,21.566666666666663,-0.4439812898635864,0.4101587533950805,0.2015561312437057,-0.4805428981781006,0.4034531116485595,0.2221718877553939,-0.5427128076553345,0.393065333366394,0.2577588558197021,-0.6001258492469788,0.3921740651130676,0.2958567142486572,-0.656184732913971,0.4030470848083496,0.339068055152893,-0.8221272826194763,0.4113681316375732,0.4085953831672668,-0.9145331382751464,0.4433120489120483,0.4657951295375824,-0.95537269115448,0.4605075120925903,0.4923289716243744,-0.9910516142845154,0.4885569810867309,0.5172901153564453,-0.864307165145874,0.4057732820510864,0.4436229467391968,-0.7782808542251587,0.3974458277225494,0.5995241403579712,-0.5338336229324341,0.2985536158084869,0.6947518587112427,-0.4672781229019165,0.3054900765419006,0.4309526681900024,-0.8773595094680786,0.4085210561752319,0.424724280834198,-1.0020817518234253,0.3836551308631897,0.3008116781711578,-0.9987934231758118,0.306751400232315,0.0384783782064914,-0.9761988520622252,0.5792578458786011,0.038227766752243,-0.4088070094585418,0.3879539370536804,0.2936238348484039,-0.0092508178204298,0.4744938015937805,0.1761044412851333,0.3925148546695709,0.5875958800315857,0.1314337849617004,0.4600082039833069,0.733757495880127,0.0780425295233726,-0.4660240411758423,0.435183584690094,0.1073777079582214,-0.0440807230770587,0.4924224317073822,0.0668113008141517,0.3673148453235626,0.5728130340576172,0.057296548038721,0.4368209838867187,0.7308315634727478,0.0560286752879619,
5.385587406153931,648,21.6,-0.4447740614414215,0.4075497984886169,0.200905293226242,-0.4813405275344848,0.4010662138462066,0.2214507758617401,-0.543664276599884,0.3910084664821625,0.2569961547851562,-0.6015517711639404,0.3892309963703155,0.2946888506412506,-0.6579436659812927,0.4004839658737182,0.3376738727092743,-0.8240294456481934,0.4062938988208771,0.4072728753089905,-0.9157307147979736,0.4399309754371643,0.4653238654136657,-0.955613136291504,0.4584402441978454,0.4926023781299591,-0.991278350353241,0.4863353371620178,0.5179581642150879,-0.864833414554596,0.4037231504917145,0.4431927800178528,-0.7783331871032715,0.3959892690181732,0.5990702509880066,-0.5342862606048584,0.2952824831008911,0.6941407322883606,-0.4674428105354309,0.3041197657585144,0.4302200675010681,-0.8770143985748291,0.4081304967403412,0.4250806272029876,-1.001956582069397,0.3827765583992004,0.3015015125274658,-0.998909592628479,0.3068630397319793,0.0386870875954628,-0.9770004749298096,0.5794281363487244,0.0376329161226749,-0.4091695249080658,0.3858903050422668,0.2930505871772766,-0.0096551366150379,0.4754453599452972,0.1773581802845001,0.3926770687103271,0.5865289568901062,0.1315295696258545,0.4589745700359344,0.7337205410003662,0.0790606886148452,-0.4658809900283813,0.4354109466075897,0.1075163632631301,-0.043942604213953,0.4934420585632324,0.0680079981684684,0.3679269254207611,0.5715858936309814,0.0574276968836784,0.4364165663719177,0.7304171323776245,0.0573982261121273,
5.412787342548648,649,21.633333333333333,-0.4449945092201233,0.4049821496009826,0.1995715349912643,-0.4815479218959808,0.3985448777675628,0.2202526479959488,-0.5438682436943054,0.3885646164417267,0.2560264766216278,-0.6022331118583679,0.3861368596553802,0.2933151423931122,-0.6576066017150879,0.3993211984634399,0.3373803794384002,-0.8242471218109131,0.4053671061992645,0.4075058698654175,-0.9153904318809508,0.4392916858196258,0.4661444127559662,-0.9558241367340088,0.456673800945282,0.4934786856174469,-0.9914649724960328,0.4841843843460083,0.5192802548408508,-0.8649962544441223,0.4014833569526672,0.4433516561985016,-0.7778723239898682,0.395254522562027,0.5990928411483765,-0.5339822769165039,0.2937686741352081,0.6942449808120728,-0.4674602150917053,0.3032659888267517,0.430088460445404,-0.8779915571212769,0.404941976070404,0.4247646331787109,-1.0034615993499756,0.3808002173900604,0.301525354385376,-0.9985311031341552,0.306728184223175,0.0382432788610458,-0.9763175249099731,0.5794322490692139,0.0379068814218044,-0.4084563851356506,0.3834932744503021,0.2913491427898407,-0.0090896924957633,0.4755855798721313,0.1773249208927154,0.3935729563236236,0.5854154229164124,0.1313712745904922,0.4598817229270935,0.733180820941925,0.0802673548460006,-0.4651286602020263,0.4343007802963257,0.106396734714508,-0.0433898456394672,0.4949199557304382,0.0693889260292053,0.3688603043556213,0.5707165002822876,0.0573518835008144,0.4371252357959747,0.7299310564994812,0.0585210733115673,
5.439987278943365,650,21.666666666666668,-0.4450450539588928,0.4040358960628509,0.1993952691555023,-0.4816584587097168,0.3971429169178009,0.219840407371521,-0.5440860390663147,0.3864149749279022,0.255252480506897,-0.6024773120880127,0.3838442862033844,0.2927207350730896,-0.6569786071777344,0.3982240557670593,0.3377139866352081,-0.8238703012466431,0.4050691127777099,0.4079876840114593,-0.9144466519355774,0.4392195641994476,0.4672570526599884,-0.9554945230484008,0.4554867744445801,0.4943887591361999,-0.9908719658851624,0.4827983677387237,0.5206843614578247,-0.8647294044494629,0.4008504748344421,0.4438397586345672,-0.777400553226471,0.3946897983551025,0.5995397567749023,-0.533669650554657,0.2925235033035278,0.6944953203201294,-0.467821329832077,0.301576167345047,0.4300279021263122,-0.8782184720039368,0.4026979207992553,0.4242514669895172,-1.0043352842330933,0.3794134557247162,0.3017748594284057,-0.997434377670288,0.3076545000076294,0.0381335951387882,-0.975605845451355,0.5803260207176208,0.0380882993340492,-0.4082705378532409,0.3838753700256347,0.2913606464862823,-0.0089969104155898,0.4765277504920959,0.1777714341878891,0.3940350413322449,0.5845103859901428,0.1314188539981842,0.4607617855072021,0.7321511507034302,0.0805554687976837,-0.4646446108818054,0.434201031923294,0.1063216850161552,-0.043042741715908,0.4957530498504638,0.0703135728836059,0.3693296611309051,0.5703215003013611,0.0575006604194641,0.4380428194999695,0.7292090058326721,0.0586700513958931,
5.467187215338082,651,21.7,-0.4457758069038391,0.4024860858917236,0.1994620263576507,-0.4822927415370941,0.3957669138908386,0.2198851257562637,-0.5446645021438599,0.3853024244308471,0.2553201913833618,-0.6031847596168518,0.3823827505111694,0.2924990057945251,-0.6580031514167786,0.3966339826583862,0.3368426561355591,-0.8242314457893372,0.4024355113506317,0.4079824984073639,-0.91607928276062,0.4354544878005981,0.4667678773403168,-0.956074595451355,0.4531565606594085,0.4947121739387512,-0.990908145904541,0.4807844460010528,0.5216286778450012,-0.8654782176017761,0.3988054096698761,0.4437319934368133,-0.777799129486084,0.3933316469192505,0.5994282960891724,-0.5344616174697876,0.2891646921634674,0.6938681602478027,-0.4675634503364563,0.3010962009429931,0.4296666979789734,-0.8782749176025391,0.4026843309402466,0.4247102737426758,-1.0047551393508911,0.3780834674835205,0.3026441931724548,-0.9979813098907472,0.3074613511562347,0.038436010479927,-0.9763889908790588,0.5802218317985535,0.0374285019934177,-0.408482551574707,0.3823726177215576,0.2912972867488861,-0.0095350015908479,0.4794426262378692,0.180475652217865,0.394117534160614,0.5832744240760803,0.131039410829544,0.4596347212791443,0.7318217754364014,0.0810330659151077,-0.4643585085868835,0.4354197978973388,0.1073317900300026,-0.0428845360875129,0.4971656501293182,0.0717337056994438,0.3698781132698059,0.5690404176712036,0.0573171786963939,0.4378941655158996,0.728464663028717,0.0597348883748054,
5.4943871517327985,652,21.73333333333333,-0.445921391248703,0.4012024998664856,0.1989646703004837,-0.4824961721897125,0.3943409025669098,0.219380646944046,-0.5449580550193787,0.3836277723312378,0.2548000514507293,-0.6037514209747314,0.3800659775733948,0.2918053269386291,-0.6574411392211914,0.3960152566432953,0.337186336517334,-0.8243295550346375,0.4018637239933014,0.4083567559719085,-0.9156885147094728,0.4351498186588287,0.4677840769290924,-0.9562963247299194,0.4515936970710754,0.4957420229911804,-0.990824818611145,0.4791542887687683,0.5232214331626892,-0.8656520247459412,0.3973080515861511,0.4440649747848511,-0.7777204513549805,0.3923357725143432,0.5997860431671143,-0.5341455936431885,0.2876682579517364,0.6939657926559448,-0.4677597284317016,0.2991238236427307,0.4292010366916656,-0.8789341449737549,0.4001481831073761,0.4247441291809082,-1.0055952072143557,0.377004861831665,0.3025788962841034,-0.9974441528320312,0.3077869415283203,0.0377671830356121,-0.975816547870636,0.5808706879615784,0.0375180505216121,-0.408442348241806,0.3808758854866028,0.2908352017402649,-0.0092357546091079,0.480031281709671,0.1811348646879196,0.3949748575687408,0.5834326148033142,0.1316086947917938,0.4612535834312439,0.7318693399429321,0.0818712040781974,-0.4644531309604645,0.4336388707160949,0.1063289269804954,-0.0427813045680522,0.4977831244468689,0.0722771137952804,0.370500385761261,0.5691538453102112,0.0574448443949222,0.4389826357364654,0.7284074425697327,0.0599435977637767,
5.521587088127515,653,21.766666666666666,-0.4455016851425171,0.4016910195350647,0.1995332241058349,-0.4824271202087402,0.3939253091812134,0.219462051987648,-0.5453720092773438,0.381751537322998,0.2540461122989654,-0.604045569896698,0.3791221082210541,0.2918487787246704,-0.656265914440155,0.3976031541824341,0.3382078409194946,-0.8242053389549255,0.4011081457138061,0.4086302816867828,-0.9153609275817872,0.4346706867218017,0.4689204096794128,-0.9563817977905272,0.4506394565105438,0.4970334768295288,-0.9904369115829468,0.4786193966865539,0.524960458278656,-0.8662023544311523,0.395756334066391,0.4440530836582184,-0.7778338193893433,0.3920029699802398,0.600051999092102,-0.5338817238807678,0.2858542799949646,0.6941733360290527,-0.4679929912090301,0.297302097082138,0.4282723367214203,-0.8793665170669556,0.398698627948761,0.4246691167354584,-1.0069655179977417,0.3756432235240936,0.3029766380786896,-0.9969574213027954,0.3076513409614563,0.0371167287230491,-0.9748557806015016,0.5817816257476807,0.0384887531399726,-0.4087096452713012,0.3807724118232727,0.2919042110443115,-0.0090314131230115,0.4824864864349365,0.1827396750450134,0.3966876566410064,0.583917498588562,0.1321287900209427,0.4627035856246948,0.7325315475463867,0.0814741626381874,-0.4652209281921386,0.4330174922943115,0.1062439829111099,-0.0425272844731807,0.4979162216186523,0.0726411864161491,0.3719326257705688,0.5695804953575134,0.0576914250850677,0.4403114914894104,0.7292370200157166,0.0599778555333614,
5.548787024522232,654,21.8,-0.4461487531661987,0.3999407291412353,0.1993019878864288,-0.4828850328922272,0.3926413655281067,0.2192990928888321,-0.5456656217575073,0.3812107741832733,0.2540847659111023,-0.604347288608551,0.3783051073551178,0.2918015122413635,-0.6578023433685303,0.3949541747570038,0.336682915687561,-0.8246365189552307,0.3987560868263244,0.4086721241474151,-0.9169386625289916,0.430940568447113,0.4685844182968139,-0.9569230675697328,0.4481884241104126,0.4975283741950989,-0.990918517112732,0.4758006036281585,0.5260715484619141,-0.8669731616973877,0.3942936658859253,0.4438812732696533,-0.7784473896026611,0.3899851441383362,0.5997703671455383,-0.5345680713653564,0.2832008898258209,0.6936268210411072,-0.467717170715332,0.2971228361129761,0.4280834496021271,-0.8793233036994934,0.399005264043808,0.4253752827644348,-1.006868600845337,0.3754378855228424,0.3036873042583465,-0.9974341988563538,0.3076444566249847,0.0375975035130977,-0.9753224849700928,0.5817486047744751,0.0381083786487579,-0.4092336297035217,0.378778338432312,0.2916150987148285,-0.0095975138247013,0.4818357825279236,0.18347729742527,0.3961725234985351,0.5823649168014526,0.131590649485588,0.4611212909221649,0.7316277623176575,0.0814616829156875,-0.4654086828231811,0.4321669638156891,0.1060516908764839,-0.0426836609840393,0.4976057112216949,0.0729052126407623,0.3719757795333862,0.5686814785003662,0.0578918308019638,0.4399089813232422,0.7287040948867798,0.0606832951307296,
5.575986960916949,655,21.83333333333333,-0.4460417628288269,0.3997691869735718,0.1993517875671386,-0.4827923476696014,0.3921942114830017,0.2192178070545196,-0.5455859899520874,0.3802973926067352,0.2537763714790344,-0.6039307713508606,0.3782984614372253,0.2919575870037079,-0.6573730111122131,0.3956686854362488,0.3370241522789001,-0.8245999217033386,0.3978913724422455,0.4089998304843902,-0.9169524312019348,0.4299938678741455,0.4693199694156647,-0.95744651556015,0.4462094604969024,0.498454600572586,-0.9914052486419678,0.473548412322998,0.5274158120155334,-0.8674218654632568,0.3925569951534271,0.4442259073257446,-0.7785384058952332,0.3886902630329132,0.5999736785888672,-0.5345122814178467,0.281554639339447,0.693388819694519,-0.4685137867927551,0.2946472465991974,0.4273400902748108,-0.8794294595718384,0.3989877998828888,0.4260427355766296,-1.0071862936019895,0.3745012581348419,0.3043090105056762,-0.9971731305122375,0.3079948425292969,0.0376090034842491,-0.9746341109275818,0.5822954177856445,0.0387227796018123,-0.408989816904068,0.3786118924617767,0.2916810512542724,-0.0092327976599335,0.4826971292495727,0.1838987916707992,0.3968469500541687,0.5833563208580017,0.1324338614940643,0.4626663625240326,0.7323489189147949,0.082534871995449,-0.4651796221733093,0.4310068190097809,0.1055880859494209,-0.0425035506486892,0.4985758066177368,0.0732685402035713,0.3724651634693146,0.569071888923645,0.0579919293522834,0.4408411085605621,0.7290289998054504,0.0613774172961711,
5.603186897311666,656,21.866666666666667,-0.4457004368305206,0.4003320634365082,0.1999333500862121,-0.4826796948909759,0.392230361700058,0.2194457352161407,-0.5458348989486694,0.3794712722301483,0.2534171938896179,-0.6043546199798584,0.3774465322494507,0.2919044494628906,-0.6564055681228638,0.3972042500972748,0.3379669785499573,-0.8245840668678284,0.3973150551319122,0.4093393087387085,-0.9164829850196838,0.4298674762248993,0.4704307317733764,-0.9574816226959229,0.4453624188899994,0.4995621740818023,-0.991113305091858,0.472911924123764,0.5289015173912048,-0.8675477504730225,0.3917992413043976,0.4445194602012634,-0.7783852815628052,0.38862344622612,0.6003892421722412,-0.5342172980308533,0.2803636193275451,0.6936216354370117,-0.4679636359214782,0.2942968308925628,0.4270631968975067,-0.879854679107666,0.3965369164943695,0.4263323843479156,-1.008014678955078,0.3736885786056518,0.3045959174633026,-0.99646657705307,0.3088330924510956,0.0371091403067112,-0.9741132855415344,0.5836784839630127,0.0392254181206226,-0.4091303050518036,0.3795275688171386,0.2927339375019073,-0.0090883960947394,0.4842268526554107,0.1850063800811767,0.3978744447231293,0.5832887887954712,0.1325311362743377,0.4639357924461365,0.7327572107315063,0.0833701491355896,-0.4653713703155517,0.43011674284935,0.1054805815219879,-0.0421086065471172,0.4983294904232025,0.0733799189329147,0.3735175728797912,0.5692225098609924,0.057930264621973,0.4417127072811126,0.7294779419898987,0.0615481808781623,
5.630386833706383,657,21.9,-0.4463768601417541,0.3986655473709106,0.1994367390871048,-0.4834577143192291,0.390507310628891,0.2188624441623687,-0.5467904806137085,0.3776192367076874,0.2526819705963135,-0.6054520010948181,0.3746556639671325,0.2907480597496032,-0.6583343744277954,0.3926863968372345,0.335908442735672,-0.8246344327926636,0.3961758613586426,0.4097744822502136,-0.9178255200386048,0.426903486251831,0.470393031835556,-0.9577182531356812,0.443780779838562,0.5003471970558167,-0.991357684135437,0.4709922075271606,0.5302444100379944,-0.868157684803009,0.3904096484184265,0.4444355964660644,-0.7790210247039795,0.3871485590934753,0.6004130840301514,-0.5347902178764343,0.2777348756790161,0.6930767297744751,-0.4674927592277527,0.2946730852127075,0.4266642034053802,-0.879737138748169,0.3973229229450226,0.4271282255649566,-1.0081981420516968,0.373132050037384,0.3056312799453735,-0.9965226650238036,0.3091744482517242,0.0375160239636898,-0.9743626713752748,0.5843265652656555,0.0389956682920455,-0.4099307060241699,0.3768271803855896,0.2922097146511078,-0.0096700228750705,0.4833101332187652,0.1853769272565841,0.3976823985576629,0.5820073485374451,0.1317481249570846,0.462592601776123,0.7317838668823242,0.0819763094186782,-0.4657708704471588,0.4303327202796936,0.1054363921284675,-0.0421299487352371,0.4973310232162475,0.0730487555265426,0.3739267587661743,0.5679155588150024,0.0576399900019168,0.4412770867347717,0.7287710905075073,0.061724729835987,
5.6575867701011,658,21.933333333333334,-0.4459859132766723,0.3995948433876037,0.1999879479408264,-0.4832246601581573,0.3908669352531433,0.2190856337547302,-0.5467796325683594,0.3770373165607452,0.2523406445980072,-0.6052688956260681,0.3744694590568542,0.2908967733383178,-0.6578649282455444,0.3932608067989349,0.3365449905395508,-0.8246968984603882,0.3952736556529999,0.4100874662399292,-0.9177281260490416,0.426157534122467,0.4714813232421875,-0.95806223154068,0.4421015381813049,0.5016639232635498,-0.991872251033783,0.4686627984046936,0.5320134162902832,-0.8688037395477295,0.3883802890777588,0.4444345235824585,-0.7791488170623779,0.3861690759658813,0.6003408432006836,-0.5346770882606506,0.2765682935714721,0.6931273341178894,-0.4678463637828827,0.293321430683136,0.4261813163757324,-0.8796305060386658,0.3977789580821991,0.4280388355255127,-1.008206844329834,0.3721860945224762,0.3064618706703186,-0.9961881041526794,0.3094660341739654,0.0376781895756721,-0.9742910265922546,0.5849573016166687,0.0392801389098167,-0.4095447659492492,0.3775138854980469,0.2928195297718048,-0.0093075213953852,0.4857459366321563,0.1865199506282806,0.3987168669700622,0.5827977657318115,0.1324521005153656,0.4635660946369171,0.7326720356941223,0.0825627073645591,-0.4648979902267456,0.4326420128345489,0.1063312739133834,-0.0414099544286727,0.4996843039989471,0.0743050277233123,0.375040054321289,0.5674684047698975,0.0573103688657283,0.4421367645263672,0.7285233736038208,0.0617254823446273,
5.6847867064958155,659,21.966666666666665,-0.44581139087677,0.400861918926239,0.2008083164691925,-0.4832968711853027,0.3913316130638122,0.2195161432027816,-0.5471792221069336,0.3761870563030243,0.2520858645439148,-0.605950117111206,0.3732546865940094,0.2907025814056396,-0.6571053266525269,0.3940926790237427,0.3371594548225403,-0.8244219422340393,0.3949165940284729,0.4103795289993286,-0.9173767566680908,0.4257741272449493,0.4724399447441101,-0.9581841230392456,0.440969705581665,0.502633810043335,-0.9915006160736084,0.4678041040897369,0.5334385633468628,-0.8692190647125244,0.3873990774154663,0.4442920982837677,-0.7793757915496826,0.3860179185867309,0.6004782319068909,-0.534470796585083,0.2757852673530578,0.693223237991333,-0.4676027595996856,0.2927659153938293,0.4255902469158172,-0.8796367049217224,0.3977858126163482,0.4282772839069366,-1.0087140798568726,0.3716821670532226,0.3066683709621429,-0.9960982203483582,0.3092050552368164,0.0370568558573722,-0.973591148853302,0.5854288935661316,0.0399032570421695,-0.4100041091442108,0.3781563937664032,0.2939974665641784,-0.0095176100730896,0.4879754185676574,0.1876300871372223,0.3997231125831604,0.5826932787895203,0.1326624900102615,0.4644526243209839,0.7331072092056274,0.0829725265502929,-0.465521365404129,0.4320474565029144,0.1063391640782356,-0.0414063036441803,0.5005794763565063,0.0749565437436103,0.37598517537117,0.5676183700561523,0.0573729611933231,0.4432441294193268,0.7287856936454773,0.0613725520670414,
5.711986642890532,660,22.0,-0.4472222030162811,0.3991358280181885,0.2006633579730987,-0.4845409691333771,0.3900741338729858,0.2195331305265426,-0.548229455947876,0.3756760060787201,0.2524106204509735,-0.6070489883422852,0.3721522688865661,0.2905854284763336,-0.6588015556335449,0.3920826613903045,0.3363263010978699,-0.824871301651001,0.3931183218955993,0.410985380411148,-0.9189234972000122,0.422586590051651,0.472341775894165,-0.9585947394371032,0.4391356110572815,0.5032432675361633,-0.9922430515289308,0.4651641845703125,0.534343421459198,-0.8690861463546753,0.3877591788768768,0.4451975226402282,-0.7794866561889648,0.3856079578399658,0.6010919213294983,-0.5354629755020142,0.2734338343143463,0.692518949508667,-0.4674325287342071,0.2928430736064911,0.4257818162441253,-0.8795127868652344,0.3986923396587372,0.4288702309131622,-1.0085419416427612,0.3707732558250427,0.3076863288879394,-0.9956281781196594,0.3103600144386291,0.0379558913409709,-0.9739819765090942,0.5862326622009277,0.039736770093441,-0.4111238420009613,0.3759865462779999,0.2934814393520355,-0.0108369598165154,0.4843327701091766,0.186096116900444,0.3979333639144897,0.5797840356826782,0.1312438696622848,0.4622190296649933,0.7309908866882324,0.0832675322890281,-0.4663106203079223,0.4303186237812042,0.1060485616326332,-0.0423121452331543,0.4980162382125854,0.0740862265229225,0.3747711479663849,0.5657143592834473,0.0569621548056602,0.4417246878147125,0.7272309064865112,0.0619843080639839,
5.739186579285249,661,22.03333333333333,-0.4478911757469177,0.3989793360233307,0.2011121064424514,-0.4852809011936188,0.3898577392101288,0.2197873890399933,-0.5491073131561279,0.3753499388694763,0.2523488402366638,-0.6079823970794678,0.3713552057743072,0.2905665636062622,-0.6583297848701477,0.3929985463619232,0.3372264504432678,-0.824697732925415,0.3934665024280548,0.4118536412715912,-0.9184187650680542,0.4229480624198913,0.4737572371959686,-0.9585026502609252,0.4385352432727813,0.5047862529754639,-0.9922016859054564,0.4638925790786743,0.536352276802063,-0.8693532347679138,0.3871808350086212,0.4456697106361389,-0.7792627811431885,0.3859051167964935,0.6012985706329346,-0.5354257225990295,0.2731932997703552,0.69237220287323,-0.4679276645183563,0.2915129661560058,0.4254512190818786,-0.8797078132629395,0.398191899061203,0.4295482337474823,-1.0086225271224976,0.3705108761787414,0.3081012666225433,-0.9955487847328186,0.3103581666946411,0.0382403247058391,-0.9734338521957396,0.5862388014793396,0.0402709916234016,-0.4114540815353393,0.3756220936775207,0.2936822175979614,-0.0112342648208141,0.4826323390007019,0.1849389523267746,0.3975616991519928,0.5786582231521606,0.1310950666666031,0.462363600730896,0.7303321361541748,0.0846029743552208,-0.4667441844940185,0.428189754486084,0.1057992726564407,-0.0427122674882411,0.4965840578079223,0.0733536630868911,0.3744198381900787,0.5648717880249023,0.0567456036806106,0.4418507218360901,0.7264131307601929,0.0625567585229873,
5.766386515679966,662,22.066666666666663,-0.4480585753917694,0.3992085456848144,0.2012586146593094,-0.4855542480945587,0.3901038765907287,0.2199490219354629,-0.5495080947875977,0.3756447732448578,0.252517819404602,-0.608405590057373,0.3716345131397247,0.2908070981502533,-0.6580989360809326,0.3939470648765564,0.3381295204162597,-0.8244290351867676,0.3949212431907654,0.4133144915103912,-0.9182900190353394,0.4227191507816314,0.4750103950500488,-0.958509087562561,0.4377188086509704,0.5062229037284851,-0.9923758506774902,0.4622679352760315,0.5381245613098145,-0.869661271572113,0.3861743807792663,0.4455130100250244,-0.7795342206954956,0.3850588202476501,0.601165235042572,-0.5355828404426575,0.2726665139198303,0.6923043727874756,-0.4684027731418609,0.2901535630226135,0.4251877665519714,-0.8797698020935059,0.3974705338478088,0.430314153432846,-1.0087735652923584,0.369912326335907,0.3088589906692505,-0.9951059222221376,0.3113256394863128,0.038702443242073,-0.972785234451294,0.58713698387146,0.0407818593084812,-0.4115541577339172,0.3750131726264953,0.2935438454151153,-0.011242039501667,0.4816957712173462,0.1844443380832672,0.3975435197353363,0.5783610939979553,0.1310185343027115,0.4630554616451263,0.7300286293029785,0.0853081122040748,-0.4670752584934234,0.4274406731128692,0.1055789589881897,-0.0426062308251857,0.494144082069397,0.0722522661089897,0.3742601275444031,0.5650621056556702,0.0569977164268493,0.4425500929355621,0.7261126637458801,0.0623603649437427,
5.793586452074683,663,22.1,-0.4489728808403015,0.3978875875473022,0.2012100368738174,-0.4863685965538025,0.389162927865982,0.2200290858745575,-0.550211489200592,0.3753166198730469,0.2528393864631653,-0.6091103553771973,0.3711302280426025,0.2909175157546997,-0.6594877243041992,0.3926677107810974,0.3375725448131561,-0.8247076272964478,0.39388108253479,0.4142723679542541,-0.9196732044219972,0.4203380346298218,0.4751209020614624,-0.9590153694152832,0.4363365769386291,0.5070326328277588,-0.9929397702217102,0.460385113954544,0.5393089056015015,-0.8703628182411194,0.3855005502700805,0.4460004568099975,-0.7802576422691345,0.3837768137454986,0.6014232635498047,-0.536374568939209,0.2710367143154144,0.6917868256568909,-0.4681625664234161,0.2910965979099273,0.425343245267868,-0.8800843954086304,0.3980576395988464,0.4308397471904754,-1.0091333389282229,0.369046002626419,0.3097771406173706,-0.9944615364074708,0.3121103048324585,0.0395130664110183,-0.97319233417511,0.5877649784088135,0.0406336300075054,-0.4123668074607849,0.3727502226829529,0.2931089699268341,-0.0121144922450184,0.479858249425888,0.1840562671422958,0.3964248299598694,0.5773637294769287,0.130572959780693,0.4613180160522461,0.7294144630432129,0.0851702392101287,-0.4674296379089355,0.4271111488342285,0.1057142838835716,-0.0429616309702396,0.4921228289604187,0.071566641330719,0.3735275268554687,0.5647148489952087,0.0572535768151283,0.4416410624980926,0.7259060740470886,0.0629481673240661,
5.8207863884694,664,22.133333333333333,-0.4487073123455047,0.3980992436408996,0.2014085352420807,-0.4862706065177917,0.3894084393978119,0.2201336622238159,-0.550346314907074,0.3756271004676819,0.2527642846107483,-0.6092023849487305,0.3715443015098572,0.2909936904907226,-0.6591358780860901,0.3934294283390045,0.3382217586040497,-0.8244134187698364,0.395857036113739,0.4154636561870575,-0.9197092652320862,0.4200748205184936,0.476214200258255,-0.9592492580413818,0.4353818893432617,0.5083988308906555,-0.9934918880462646,0.4584541916847229,0.5410312414169312,-0.8704777956008911,0.3855841755867004,0.4462624788284302,-0.7803145051002502,0.3836011886596679,0.6017163991928101,-0.5363078117370605,0.2703298926353454,0.6916673183441162,-0.4687641263008117,0.2899537682533264,0.4247184693813324,-0.8801450729370117,0.3978270292282104,0.4314442276954651,-1.0093053579330444,0.3685190379619598,0.3101302683353424,-0.9948385953903198,0.311523824930191,0.0394302532076835,-0.9730005264282228,0.5875210165977478,0.0409067533910274,-0.4125764966011047,0.3718838989734649,0.2932699620723724,-0.0121881896629929,0.4779590964317322,0.1826062500476837,0.396700382232666,0.5762988924980164,0.1304147243499755,0.4617659449577331,0.7288675308227539,0.0859755873680114,-0.4679853916168213,0.4260022044181824,0.105479821562767,-0.0431688651442527,0.4912301301956177,0.0710582286119461,0.3736723661422729,0.564298689365387,0.0569589175283908,0.4418849647045135,0.7257684469223022,0.0635708793997764,
5.847986324864117,665,22.166666666666668,-0.4483377635478973,0.3995987772941589,0.2019480764865875,-0.4861264526844024,0.3904923796653747,0.2205110937356948,-0.5504730939865112,0.376055896282196,0.2528298199176788,-0.6095461249351501,0.3716692924499511,0.2910139560699463,-0.6587356328964233,0.3945111632347107,0.3388973772525787,-0.8241336941719055,0.3973541557788849,0.4164222180843353,-0.9194307327270508,0.4204055070877075,0.4769708812236786,-0.9592597484588624,0.4348765611648559,0.5090879797935486,-0.9937246441841124,0.4572925567626953,0.541801393032074,-0.8705590963363647,0.3848950266838074,0.4459834098815918,-0.7805465459823608,0.3832637965679168,0.6016165614128113,-0.5365591049194336,0.2699633836746216,0.6917022466659546,-0.4688498377799988,0.2896661758422851,0.4247231483459472,-0.8801745176315308,0.3973094820976257,0.4311564564704895,-1.009990692138672,0.3682768046855926,0.3105097115039825,-0.9943726658821106,0.3121272921562195,0.0397354438900947,-0.9729956388473512,0.5880922079086304,0.0410234369337558,-0.4125106334686279,0.372072160243988,0.2935117781162262,-0.0121615109965205,0.4782536625862121,0.1826971769332885,0.3969543278217315,0.5759404301643372,0.1305823922157287,0.4627029597759247,0.7282683849334717,0.0860520228743553,-0.4680950045585632,0.426692396402359,0.1058039814233779,-0.0430726408958435,0.4904063940048218,0.0705613493919372,0.3738274574279785,0.5637022852897644,0.0568647645413875,0.4424440264701843,0.7249851822853088,0.0633755326271057,
5.8751862612588335,666,22.2,-0.4492375552654266,0.3985669016838074,0.2016140967607498,-0.4870181083679199,0.3894343674182892,0.220182791352272,-0.5513980388641357,0.3749168813228607,0.2525255084037781,-0.6105763912200928,0.369798332452774,0.2903249859809875,-0.6609616875648499,0.3900969624519348,0.337116003036499,-0.8244259357452393,0.3961712718009949,0.416696697473526,-0.9207355380058287,0.4180071353912353,0.4768312573432922,-0.9597010612487792,0.4334925413131714,0.5096114873886108,-0.9946653246879578,0.4548720121383667,0.5424609184265137,-0.8705959916114807,0.3859187364578247,0.4466294646263122,-0.7810574173927307,0.3824886977672577,0.6021093130111694,-0.5372499823570251,0.2683286368846893,0.6912633180618286,-0.468629390001297,0.2907869517803192,0.4247781932353973,-0.8801435232162476,0.3982141613960266,0.4319996535778045,-1.0098217725753784,0.3684928119182586,0.3113903999328613,-0.9944369792938232,0.3124530613422394,0.0405155196785926,-0.9735662937164308,0.5884171724319458,0.0407526567578315,-0.413220465183258,0.3706955015659332,0.2929836511611938,-0.0128921205177903,0.4766819477081299,0.1823056042194366,0.3961170315742492,0.5742513537406921,0.1294320225715637,0.4611402750015259,0.7273843288421631,0.0861803963780403,-0.4684440493583679,0.4269474744796753,0.1057366654276847,-0.0434248968958854,0.4897433221340179,0.0704953521490097,0.3735314011573791,0.5626342296600342,0.0562610179185867,0.4415993988513946,0.7243654727935791,0.0639413520693779,
5.90238619765355,667,22.23333333333333,-0.4491532742977142,0.398624062538147,0.2016160041093826,-0.4869212806224823,0.389663815498352,0.2201724201440811,-0.5512592196464539,0.3754266798496246,0.2524589896202087,-0.6100242137908936,0.370665580034256,0.2905794978141784,-0.6609132289886475,0.3903222680091858,0.3371542692184448,-0.8245348930358887,0.3960785567760467,0.417047768831253,-0.9203037023544312,0.4186474084854126,0.477943480014801,-0.9599254727363586,0.4327428042888641,0.5106079578399658,-0.9951332807540894,0.4533755481243133,0.5437514781951904,-0.8710525035858154,0.3846439719200134,0.446682721376419,-0.78111732006073,0.3831402659416199,0.6020981669425964,-0.5373325943946838,0.2688474357128143,0.691436231136322,-0.4691285490989685,0.2900392711162567,0.4246231019496918,-0.8805323243141174,0.3980414867401123,0.4323776662349701,-1.0102431774139404,0.3675695061683655,0.3116297125816345,-0.994755208492279,0.3119092583656311,0.0405111238360405,-0.9730933904647828,0.5880423784255981,0.0413143448531627,-0.4131510853767395,0.3708797395229339,0.2930377423763275,-0.0127738853916525,0.47513547539711,0.1810705810785293,0.3962907195091247,0.5734474062919617,0.1294228434562683,0.4616105556488037,0.7267484068870544,0.0867274329066276,-0.4679786562919616,0.4285371005535126,0.1062171086668968,-0.043067593127489,0.488834947347641,0.0699507221579551,0.3737813532352447,0.5617491006851196,0.0556949935853481,0.4418798685073852,0.7235066890716553,0.0640395283699035,
5.929586134048267,668,22.266666666666666,-0.4490574598312378,0.399696797132492,0.2020015567541122,-0.4870145618915558,0.3904882073402405,0.2203491628170013,-0.5516104698181152,0.3758582472801208,0.2522817254066467,-0.6103889346122742,0.3707824647426605,0.2905994653701782,-0.660447895526886,0.3914659023284912,0.3379528522491455,-0.8245484828948975,0.3972451090812683,0.4175390601158142,-0.9200456738471984,0.4190123677253723,0.4786818325519562,-0.9599562883377076,0.4324845671653747,0.5112655758857727,-0.9952093362808228,0.4528523981571197,0.5445225834846497,-0.8711556196212769,0.383648931980133,0.4464053213596344,-0.7809681296348572,0.3833921551704407,0.6019149422645569,-0.5369277000427246,0.269695371389389,0.6916826963424683,-0.4693953394889831,0.2895216345787048,0.4244520664215088,-0.8808104991912842,0.3973422646522522,0.4319067597389221,-1.010884404182434,0.3672484755516052,0.3115120530128479,-0.9947670698165894,0.3119008839130401,0.0403033643960952,-0.9727966785430908,0.5880990624427795,0.0413476601243019,-0.4130586981773376,0.3720085024833679,0.2934909462928772,-0.0126628605648875,0.4759694337844848,0.1812450140714645,0.3967186212539673,0.5730739831924438,0.1291739046573639,0.4625657796859741,0.7263839244842529,0.0870329961180687,-0.4680545628070831,0.429328441619873,0.1064280122518539,-0.0429686866700649,0.4894222021102905,0.0704335868358612,0.3741160929203033,0.561543881893158,0.0556342862546443,0.4423592686653137,0.7233197093009949,0.064308077096939,
5.956786070442984,669,22.3,-0.4502985775470733,0.3974400758743286,0.2013196647167205,-0.4880708754062652,0.3890142440795898,0.2200433909893036,-0.5524187088012695,0.3756361007690429,0.2526143193244934,-0.6113377809524536,0.3694393336772918,0.2903266251087188,-0.6624406576156616,0.3882762491703033,0.3368591666221618,-0.8244619369506836,0.3980973362922668,0.4185054302215576,-0.9210766553878784,0.4177631437778473,0.4786811172962188,-0.9604089856147766,0.431864470243454,0.5117843151092529,-0.995808243751526,0.4517551362514496,0.5451669692993164,-0.8711987733840942,0.3842478990554809,0.4468589723110199,-0.782163143157959,0.3807106018066406,0.6021751165390015,-0.5376745462417603,0.2685332596302032,0.6911256313323975,-0.4688930213451385,0.2913050651550293,0.4249402582645416,-0.8810164332389832,0.3989070057868957,0.4324664175510406,-1.010775804519653,0.3668644726276397,0.3122535943984985,-0.9945204257965088,0.3125015795230865,0.0410913303494453,-0.973177433013916,0.5883318781852722,0.0408562645316123,-0.413874864578247,0.37060546875,0.2927665710449219,-0.0136345895007252,0.4743862450122833,0.1807825267314911,0.3953105807304382,0.5718266367912292,0.1284806579351425,0.4609611928462982,0.7251777648925781,0.0863734632730484,-0.46822589635849,0.4295470416545868,0.1067439615726471,-0.0434257946908474,0.4893147647380829,0.070738673210144,0.3734060525894165,0.5607761144638062,0.0553881712257862,0.4415992796421051,0.722578227519989,0.0643937438726425,
5.983986006837701,670,22.33333333333333,-0.4499490261077881,0.3987331390380859,0.2018367648124694,-0.4877287447452545,0.3903475999832153,0.2205097079277038,-0.552066445350647,0.3770384490489959,0.2529724538326263,-0.6101347804069519,0.3723136782646179,0.2915957570075989,-0.6621664762496948,0.3898007273674011,0.337554782629013,-0.8246399164199829,0.3990326225757599,0.4190551340579986,-0.9207868576049804,0.4184622168540954,0.4795917272567749,-0.9606404304504396,0.4313709735870361,0.5124803781509399,-0.9966254234313964,0.4501863121986389,0.5457659363746643,-0.8716216087341309,0.3831112086772918,0.4463568925857544,-0.7826370000839233,0.3806140124797821,0.6019355058670044,-0.5379934310913086,0.2687752544879913,0.6911352276802063,-0.4691691100597381,0.2906811535358429,0.4247704148292541,-0.8813478350639343,0.3980587124824524,0.4324930310249328,-1.0112735033035278,0.3663782477378845,0.3122529983520508,-0.9951140880584716,0.3115990459918976,0.0410673804581165,-0.973125696182251,0.587555468082428,0.0410187765955925,-0.4135997295379638,0.371049702167511,0.2930296063423157,-0.0132960947230458,0.474297285079956,0.180625319480896,0.3957593739032745,0.5716593265533447,0.1285573840141296,0.4616684019565582,0.7250101566314697,0.086633563041687,-0.4675363302230835,0.4320713579654693,0.1076721474528312,-0.0428530946373939,0.4893375337123871,0.0708696767687797,0.3739571869373321,0.5597880482673645,0.0547759272158145,0.4417802691459656,0.7218062877655029,0.0644220858812332,
6.011185943232418,671,22.366666666666667,-0.4496050775051117,0.3996421694755554,0.2018380612134933,-0.4876148700714111,0.3909111618995666,0.2203838229179382,-0.5522506237030029,0.3770758211612701,0.2526323795318603,-0.6104607582092285,0.3721806108951568,0.2914466559886932,-0.6614899039268494,0.3908900916576385,0.3382424712181091,-0.8242951035499573,0.4001096487045288,0.4194931089878082,-0.9203349351882936,0.4188728034496307,0.4801243245601654,-0.96025288105011,0.4315504431724548,0.513047993183136,-0.9960570931434632,0.45041024684906,0.5464711785316467,-0.8714882731437683,0.3828416466712951,0.4461463689804077,-0.7824166417121887,0.3816564381122589,0.6019692420959473,-0.5375840663909912,0.2701752781867981,0.6915887594223022,-0.4695412814617157,0.2902974486351013,0.4247198700904846,-0.8813438415527344,0.3980996906757355,0.4320000112056732,-1.01174795627594,0.3657824993133545,0.3122352659702301,-0.9953157305717468,0.3119588494300842,0.0407035835087299,-0.9729928374290466,0.587988018989563,0.0410215482115745,-0.413468599319458,0.3715477883815765,0.2930469512939453,-0.0129489609971642,0.4742617607116699,0.180548682808876,0.3963023424148559,0.5713792443275452,0.1283254921436309,0.4623502194881439,0.7248241901397705,0.086717389523983,-0.4675613641738891,0.4325818419456482,0.1074699312448501,-0.0426091998815536,0.4891018569469452,0.070741556584835,0.3742535412311554,0.5601020455360413,0.054780013859272,0.4422482848167419,0.7219468355178833,0.0642296746373176,
6.038385879627135,672,22.4,-0.4501647353172302,0.3991254270076751,0.201648861169815,-0.488281786441803,0.3901532292366028,0.2201510518789291,-0.5530193448066711,0.3759173154830932,0.2522768080234527,-0.6111888885498047,0.3709553480148315,0.2911171913146972,-0.662930428981781,0.3883319795131683,0.3372842073440552,-0.8241547346115112,0.4002393782138824,0.420255035161972,-0.9213058948516846,0.4175752401351928,0.4800716936588287,-0.9608891010284424,0.4306197762489319,0.5134410262107849,-0.9969226717948914,0.4488403797149658,0.547008216381073,-0.8713974952697754,0.3842321932315826,0.4470013380050659,-0.7829374670982361,0.3814129531383514,0.6027656197547913,-0.5380104780197144,0.2694780230522156,0.6911927461624146,-0.4698537290096283,0.2904674708843231,0.4243294894695282,-0.8815798759460449,0.398342102766037,0.4323670864105224,-1.0119951963424685,0.3648895621299743,0.3127545118331909,-0.99490487575531,0.3128948211669922,0.0409088283777236,-0.9735735654830932,0.5888538360595703,0.0409008935093879,-0.4137954115867615,0.3702746033668518,0.2925063669681549,-0.0133514320477843,0.4750267565250397,0.1812715381383896,0.3960711658000946,0.5715476274490356,0.1284043937921524,0.4610007405281067,0.7254695296287537,0.0866165161132812,-0.467959314584732,0.4327954053878784,0.10739316791296,-0.0429740063846111,0.4884607791900635,0.070315882563591,0.3739795386791229,0.5591930747032166,0.0543226860463619,0.4415130019187927,0.7213366031646729,0.0640434324741363,
6.065585816021851,673,22.433333333333334,-0.4505442082881927,0.3988059163093567,0.2013420164585113,-0.4885125756263733,0.3900793194770813,0.2199238389730453,-0.5530637502670288,0.3762519955635071,0.2522191405296325,-0.6107579469680786,0.3720995187759399,0.2916194796562195,-0.6627491116523743,0.3895221352577209,0.3378537595272064,-0.8243334293365479,0.4012227058410644,0.4209966957569122,-0.921042025089264,0.4182412624359131,0.4810735285282135,-0.9612100124359132,0.430103451013565,0.5140824913978577,-0.9976552724838256,0.4473295211791992,0.5476553440093994,-0.8717924952507019,0.3837318122386932,0.446995735168457,-0.7831250429153442,0.381387710571289,0.6026586890220642,-0.5382285118103027,0.2697409689426422,0.6912057399749756,-0.4699348509311676,0.2899879217147827,0.4244019985198974,-0.882007896900177,0.398039311170578,0.4326980113983154,-1.0123902559280396,0.364393949508667,0.3129385709762573,-0.995105504989624,0.3121203184127807,0.0411458164453506,-0.973468780517578,0.5879822969436646,0.0407466702163219,-0.4135861992835998,0.3700020313262939,0.2918563485145569,-0.0131100416183471,0.4756815731525421,0.1818324625492096,0.3962796032428741,0.571636438369751,0.1285334378480911,0.4619242250919342,0.7251783013343811,0.0866857171058654,-0.4680680632591247,0.4310562312602997,0.1065630987286567,-0.0431609340012073,0.4879199266433716,0.0701684206724166,0.3737777173519134,0.5583781003952026,0.0539840906858444,0.4417383372783661,0.7203564643859863,0.0637504309415817,
6.092785752416568,674,22.466666666666665,-0.4500024318695068,0.3997513055801391,0.2017052173614502,-0.4884396493434906,0.3903216123580932,0.2200204282999038,-0.5535033941268921,0.375391811132431,0.2517422437667846,-0.6112058162689209,0.3716179132461548,0.2915047109127044,-0.6620963215827942,0.3902658820152282,0.3385860919952392,-0.824231743812561,0.4023599922657013,0.4216817319393158,-0.921120584011078,0.4183880686759949,0.481825977563858,-0.9615329504013062,0.4297395944595337,0.5148680210113525,-0.9980489015579224,0.4466952383518219,0.5487001538276672,-0.8723152875900269,0.3835594356060028,0.4465788602828979,-0.7835954427719116,0.3813889324665069,0.6027157306671143,-0.5374508500099182,0.2708840668201446,0.6916497349739075,-0.4694753289222717,0.2906202673912048,0.4237949550151825,-0.8821805715560913,0.3983901739120483,0.4327255487442016,-1.0131036043167114,0.3639136254787445,0.3132402002811432,-0.9950907230377196,0.3122213184833526,0.0405851937830448,-0.9731426239013672,0.5888059735298157,0.0406966283917427,-0.413979560136795,0.3685171902179718,0.2919701635837555,-0.0134592447429895,0.4789051413536072,0.1837470084428787,0.3973871171474457,0.5714547634124756,0.1284631639719009,0.4627598524093628,0.7256396412849426,0.0867406949400901,-0.4693377017974853,0.4295170307159424,0.1061903908848762,-0.0434126332402229,0.4875775873661041,0.0704776495695114,0.3746000826358795,0.5585998296737671,0.0541822090744972,0.4426532387733459,0.7207997441291809,0.0633113458752632,
6.119985688811285,675,22.5,-0.4506388902664184,0.39899742603302,0.2014176845550537,-0.4889093935489654,0.3897947072982788,0.2199129611253738,-0.5538132786750793,0.3752166628837585,0.2519851624965668,-0.6117610931396484,0.3710996508598327,0.2913047969341278,-0.663267970085144,0.3888227939605713,0.3376979231834411,-0.824483335018158,0.4008510112762451,0.4215984642505646,-0.9221458435058594,0.4169766306877136,0.4814178049564361,-0.9617928862571716,0.429582417011261,0.5149620175361633,-0.9983890056610109,0.446254014968872,0.5489851236343384,-0.872246265411377,0.3853636384010315,0.4470713138580322,-0.7845054268836975,0.3804611265659332,0.6031357049942017,-0.5381569266319275,0.2701525390148163,0.6912766695022583,-0.4693669974803924,0.2918852269649505,0.4238680601119995,-0.8819130659103394,0.400012344121933,0.4331367909908294,-1.0129868984222412,0.3642742931842804,0.3139768838882446,-0.9947753548622132,0.3127955496311188,0.0412225313484668,-0.9741512537002563,0.5892606973648071,0.0401564203202724,-0.4146877527236938,0.3670807778835296,0.2914904654026031,-0.0145157035440206,0.4792186617851257,0.1840054839849472,0.3964654505252838,0.5702265501022339,0.1277987211942672,0.4610687494277954,0.7247958183288574,0.0860958769917488,-0.4695983231067657,0.4298342764377594,0.1061683967709541,-0.0436668917536735,0.487536609172821,0.0705825760960578,0.3743690252304077,0.5584763884544373,0.0545246377587318,0.4417870938777923,0.7211537957191467,0.0640981346368789,
6.147185625206002,676,22.53333333333333,-0.4508144855499267,0.3992878496646881,0.2015167027711868,-0.4890928566455841,0.3900817036628723,0.2198849767446518,-0.5540184378623962,0.3754867613315582,0.2517311871051788,-0.6115961670875549,0.3720138967037201,0.2914851009845733,-0.6631550788879395,0.3899046182632446,0.3380358815193176,-0.8247589468955994,0.401650607585907,0.4218277633190155,-0.9220829010009766,0.4174925684928894,0.481997936964035,-0.9623221158981324,0.428899198770523,0.5152079463005066,-0.9992592930793762,0.4449460804462433,0.5491791367530823,-0.8728311657905579,0.3846980631351471,0.446821928024292,-0.7847813963890076,0.3806487321853637,0.6028925180435181,-0.5384171009063721,0.270519882440567,0.691360592842102,-0.4697476327419281,0.2912509739398956,0.4237557649612427,-0.8822501301765442,0.3999978005886078,0.4336521327495575,-1.0131052732467651,0.3645062446594238,0.3140794038772583,-0.9952741861343384,0.3119568228721618,0.0413767807185649,-0.9741750359535216,0.5884632468223572,0.0399802848696708,-0.4144485592842102,0.3670271933078766,0.2912964224815368,-0.0143507374450564,0.4808558225631714,0.184739351272583,0.3968728184700012,0.5708965063095093,0.1281419545412063,0.4620302319526672,0.7251974940299988,0.0863250195980072,-0.468972772359848,0.4319648146629333,0.1069229990243911,-0.0432499274611473,0.488637626171112,0.0710125118494033,0.3748095333576202,0.558566153049469,0.0546386130154132,0.4421658515930176,0.7213222980499268,0.0643350034952163,
6.174385561600719,677,22.566666666666663,-0.4503289461135864,0.4000528156757355,0.20155069231987,-0.4890698790550232,0.3901179432868957,0.2195850610733032,-0.5545487403869629,0.374395340681076,0.2508186101913452,-0.6122066378593445,0.3710408210754394,0.2911218702793121,-0.6623035669326782,0.3909122943878174,0.338637501001358,-0.8247231245040894,0.4022550880908966,0.4220413267612457,-0.9219647645950316,0.4182887673377991,0.4824720025062561,-0.962242603302002,0.4298947751522064,0.5157119035720825,-0.99932599067688,0.4460349082946777,0.5496271848678589,-0.8733104467391968,0.3845075368881225,0.4463856518268585,-0.7852001786231995,0.3809337913990021,0.6029289960861206,-0.5376242399215698,0.2720953822135925,0.691918134689331,-0.4695427119731903,0.291825920343399,0.4232434332370758,-0.8825952410697937,0.3997381329536438,0.4333048462867737,-1.0141280889511108,0.3640011548995971,0.314036875963211,-0.9956707954406738,0.3115550577640533,0.0406127125024795,-0.9738478064537048,0.5888463854789734,0.0401176586747169,-0.4150065779685974,0.3664737939834595,0.2915825247764587,-0.0144255012273788,0.4820131361484527,0.1852501630783081,0.3979834616184234,0.5705184936523438,0.1275927275419235,0.4628828465938568,0.7254575490951538,0.0860901474952697,-0.4700702130794525,0.4304337203502655,0.1062020882964134,-0.0434669405221939,0.488431453704834,0.0712669044733047,0.375677615404129,0.558183491230011,0.054444383829832,0.4427090883255005,0.7213972806930542,0.0640811398625373,
6.201585497995436,678,22.6,-0.4508207738399505,0.3997738659381866,0.2014362514019012,-0.4894424676895141,0.3899490535259247,0.2196218967437744,-0.5548136234283447,0.3743894100189209,0.2511415779590606,-0.6127423048019409,0.3707348108291626,0.2909497618675232,-0.6637564301490784,0.3891499042510986,0.3375332951545715,-0.8252493143081665,0.4006247222423553,0.4218578934669494,-0.9233126640319824,0.416581392288208,0.4816813766956329,-0.9629197716712952,0.4293059408664703,0.515387237071991,-0.9998638033866882,0.4454224705696106,0.5495842695236206,-0.8739432096481323,0.3849741518497467,0.44649338722229,-0.7864119410514832,0.3800967335700989,0.6031175255775452,-0.5385187864303589,0.2716470062732696,0.6915821433067322,-0.4695749580860138,0.2930104732513428,0.4232979118824005,-0.8828919529914856,0.4004828333854675,0.4334517419338226,-1.0146428346633911,0.3637320101261139,0.3146123886108398,-0.995149552822113,0.3121973872184753,0.041152536869049,-0.9749564528465272,0.5892661809921265,0.0390982776880264,-0.4155377149581909,0.3657504916191101,0.2913724780082702,-0.0150162056088447,0.4817294478416443,0.185381069779396,0.3973024785518646,0.5701496005058289,0.1271582990884781,0.4614093899726867,0.7254270911216736,0.085663117468357,-0.4704070091247558,0.430299699306488,0.1059773564338684,-0.0437792241573333,0.4886800646781921,0.0716136991977691,0.3754559159278869,0.5579318404197693,0.0544194914400577,0.4419445395469665,0.7214906215667725,0.0645529329776763,
6.2287854343901525,679,22.633333333333333,-0.4507524073123932,0.4005505740642547,0.201350450515747,-0.4893420934677124,0.3907646238803863,0.2195198535919189,-0.554664134979248,0.375261515378952,0.2509908080101013,-0.6123678088188171,0.3719844818115234,0.291033923625946,-0.6635987758636475,0.3905865550041199,0.3376534581184387,-0.8255627751350403,0.4014254212379455,0.4218699038028717,-0.923155665397644,0.4174445867538452,0.4821487367153168,-0.9634042978286744,0.4289514422416687,0.5154562592506409,-1.0006150007247925,0.4446921050548553,0.5495749115943909,-0.8743622899055481,0.3839598596096039,0.4459356665611267,-0.7867351770401001,0.380606859922409,0.6027649641036987,-0.5387205481529236,0.2726137042045593,0.6916341185569763,-0.4699313044548034,0.2924016118049621,0.4231498837471008,-0.8832595348358154,0.4000619351863861,0.433572769165039,-1.0148329734802246,0.3640858829021454,0.3142012059688568,-0.9958669543266296,0.3111664652824402,0.0408279225230217,-0.9750774502754213,0.588318407535553,0.0389807969331741,-0.4155080318450928,0.3661925494670868,0.2911752164363861,-0.0146789280697703,0.4809429347515106,0.1849193274974823,0.3975691795349121,0.570372462272644,0.1274395585060119,0.4622163772583008,0.7253668308258057,0.085747554898262,-0.4697839021682739,0.4321973025798797,0.1062757670879364,-0.0433145426213741,0.488395094871521,0.0712454244494438,0.3757785558700561,0.5576357245445251,0.0542784668505191,0.4423873424530029,0.7210718393325806,0.0642658397555351,
6.255985370784869,680,22.666666666666668,-0.450413316488266,0.4010017216205597,0.2013262659311294,-0.4889938533306122,0.3913506865501404,0.2195380181074142,-0.554286777973175,0.3760935962200165,0.2510955333709717,-0.6116596460342407,0.3734855353832245,0.2915579676628113,-0.6631647944450378,0.3917743265628814,0.3382749855518341,-0.8255766034126282,0.4023160636425018,0.421746164560318,-0.9224238991737366,0.4188622236251831,0.4824259579181671,-0.9631361961364746,0.42974653840065,0.5152493715286255,-1.0003219842910769,0.4456512331962585,0.5491734743118286,-0.874474287033081,0.3841177821159363,0.4455626606941223,-0.7866884469985962,0.3808491230010986,0.6023892760276794,-0.5385280847549438,0.274387389421463,0.6918923854827881,-0.4702922701835632,0.2926094532012939,0.4234847724437713,-0.8834508657455444,0.39981210231781,0.4328067898750305,-1.0150305032730105,0.3642089068889618,0.3137296736240387,-0.9962401390075684,0.3109429478645324,0.0407526567578315,-0.9747118353843688,0.5878118276596069,0.0392587147653102,-0.414939284324646,0.3661093115806579,0.2907275557518005,-0.0145174395292997,0.4824136197566986,0.1854497641324997,0.3976382911205292,0.5702723264694214,0.127436414361,0.4626704454421997,0.7252317070960999,0.0864171758294105,-0.4689937233924866,0.4334953725337982,0.1065951883792877,-0.0428640209138393,0.4884550273418426,0.0711348876357078,0.375751256942749,0.5579081177711487,0.05452661216259,0.4426996111869812,0.7209748029708862,0.0643464177846908,
